Time,SPACE1-1:CHICAGO_IL_USA ANNUAL HEATING 99% DESIGN CONDITIONS DB:Des Heat Load [W],SPACE1-1:CHICAGO_IL_USA ANNUAL COOLING 1% DESIGN CONDITIONS DB/MCWB:Des Sens Cool Load [W],SPACE1-1:CHICAGO_IL_USA ANNUAL HEATING 99% DESIGN CONDITIONS DB:Des Heat Mass Flow [kg/s],SPACE1-1:CHICAGO_IL_USA ANNUAL COOLING 1% DESIGN CONDITIONS DB/MCWB:Des Cool Mass Flow [kg/s],SPACE1-1::Des Latent Heat Load [W],SPACE1-1::Des Latent Cool Load [W],SPACE1-1::Des Latent Heat Mass Flow [kg/s],SPACE1-1::Des Latent Cool Mass Flow [kg/s],SPACE1-1::Des Heat Load No DOAS [W],SPACE1-1::Des Sens Cool Load No DOAS [W],SPACE1-1::Des Latent Heat Load No DOAS [W],SPACE1-1::Des Latent Cool Load No DOAS [W],SPACE1-1:CHICAGO_IL_USA ANNUAL HEATING 99% DESIGN CONDITIONS DB:Heating Zone Temperature [C],SPACE1-1:CHICAGO_IL_USA ANNUAL HEATING 99% DESIGN CONDITIONS DB:Heating Zone Relative Humidity [%],SPACE1-1:CHICAGO_IL_USA ANNUAL COOLING 1% DESIGN CONDITIONS DB/MCWB:Cooling Zone Temperature [C],SPACE1-1:CHICAGO_IL_USA ANNUAL COOLING 1% DESIGN CONDITIONS DB/MCWB:Cooling Zone Relative Humidity [%],SPACE2-1:CHICAGO_IL_USA ANNUAL HEATING 99% DESIGN CONDITIONS DB:Des Heat Load [W],SPACE2-1:CHICAGO_IL_USA ANNUAL COOLING 1% DESIGN CONDITIONS DB/MCWB:Des Sens Cool Load [W],SPACE2-1:CHICAGO_IL_USA ANNUAL HEATING 99% DESIGN CONDITIONS DB:Des Heat Mass Flow [kg/s],SPACE2-1:CHICAGO_IL_USA ANNUAL COOLING 1% DESIGN CONDITIONS DB/MCWB:Des Cool Mass Flow [kg/s],SPACE2-1::Des Latent Heat Load [W],SPACE2-1::Des Latent Cool Load [W],SPACE2-1::Des Latent Heat Mass Flow [kg/s],SPACE2-1::Des Latent Cool Mass Flow [kg/s],SPACE2-1::Des Heat Load No DOAS [W],SPACE2-1::Des Sens Cool Load No DOAS [W],SPACE2-1::Des Latent Heat Load No DOAS [W],SPACE2-1::Des Latent Cool Load No DOAS [W],SPACE2-1:CHICAGO_IL_USA ANNUAL HEATING 99% DESIGN CONDITIONS DB:Heating Zone Temperature [C],SPACE2-1:CHICAGO_IL_USA ANNUAL HEATING 99% DESIGN CONDITIONS DB:Heating Zone Relative Humidity [%],SPACE2-1:CHICAGO_IL_USA ANNUAL COOLING 1% DESIGN CONDITIONS DB/MCWB:Cooling Zone Temperature [C],SPACE2-1:CHICAGO_IL_USA ANNUAL COOLING 1% DESIGN CONDITIONS DB/MCWB:Cooling Zone Relative Humidity [%],SPACE3-1:CHICAGO_IL_USA ANNUAL HEATING 99% DESIGN CONDITIONS DB:Des Heat Load [W],SPACE3-1:CHICAGO_IL_USA ANNUAL COOLING 1% DESIGN CONDITIONS DB/MCWB:Des Sens Cool Load [W],SPACE3-1:CHICAGO_IL_USA ANNUAL HEATING 99% DESIGN CONDITIONS DB:Des Heat Mass Flow [kg/s],SPACE3-1:CHICAGO_IL_USA ANNUAL COOLING 1% DESIGN CONDITIONS DB/MCWB:Des Cool Mass Flow [kg/s],SPACE3-1::Des Latent Heat Load [W],SPACE3-1::Des Latent Cool Load [W],SPACE3-1::Des Latent Heat Mass Flow [kg/s],SPACE3-1::Des Latent Cool Mass Flow [kg/s],SPACE3-1::Des Heat Load No DOAS [W],SPACE3-1::Des Sens Cool Load No DOAS [W],SPACE3-1::Des Latent Heat Load No DOAS [W],SPACE3-1::Des Latent Cool Load No DOAS [W],SPACE3-1:CHICAGO_IL_USA ANNUAL HEATING 99% DESIGN CONDITIONS DB:Heating Zone Temperature [C],SPACE3-1:CHICAGO_IL_USA ANNUAL HEATING 99% DESIGN CONDITIONS DB:Heating Zone Relative Humidity [%],SPACE3-1:CHICAGO_IL_USA ANNUAL COOLING 1% DESIGN CONDITIONS DB/MCWB:Cooling Zone Temperature [C],SPACE3-1:CHICAGO_IL_USA ANNUAL COOLING 1% DESIGN CONDITIONS DB/MCWB:Cooling Zone Relative Humidity [%],SPACE4-1:CHICAGO_IL_USA ANNUAL HEATING 99% DESIGN CONDITIONS DB:Des Heat Load [W],SPACE4-1:CHICAGO_IL_USA ANNUAL COOLING 1% DESIGN CONDITIONS DB/MCWB:Des Sens Cool Load [W],SPACE4-1:CHICAGO_IL_USA ANNUAL HEATING 99% DESIGN CONDITIONS DB:Des Heat Mass Flow [kg/s],SPACE4-1:CHICAGO_IL_USA ANNUAL COOLING 1% DESIGN CONDITIONS DB/MCWB:Des Cool Mass Flow [kg/s],SPACE4-1::Des Latent Heat Load [W],SPACE4-1::Des Latent Cool Load [W],SPACE4-1::Des Latent Heat Mass Flow [kg/s],SPACE4-1::Des Latent Cool Mass Flow [kg/s],SPACE4-1::Des Heat Load No DOAS [W],SPACE4-1::Des Sens Cool Load No DOAS [W],SPACE4-1::Des Latent Heat Load No DOAS [W],SPACE4-1::Des Latent Cool Load No DOAS [W],SPACE4-1:CHICAGO_IL_USA ANNUAL HEATING 99% DESIGN CONDITIONS DB:Heating Zone Temperature [C],SPACE4-1:CHICAGO_IL_USA ANNUAL HEATING 99% DESIGN CONDITIONS DB:Heating Zone Relative Humidity [%],SPACE4-1:CHICAGO_IL_USA ANNUAL COOLING 1% DESIGN CONDITIONS DB/MCWB:Cooling Zone Temperature [C],SPACE4-1:CHICAGO_IL_USA ANNUAL COOLING 1% DESIGN CONDITIONS DB/MCWB:Cooling Zone Relative Humidity [%],SPACE5-1:CHICAGO_IL_USA ANNUAL HEATING 99% DESIGN CONDITIONS DB:Des Heat Load [W],SPACE5-1:CHICAGO_IL_USA ANNUAL COOLING 1% DESIGN CONDITIONS DB/MCWB:Des Sens Cool Load [W],SPACE5-1:CHICAGO_IL_USA ANNUAL HEATING 99% DESIGN CONDITIONS DB:Des Heat Mass Flow [kg/s],SPACE5-1:CHICAGO_IL_USA ANNUAL COOLING 1% DESIGN CONDITIONS DB/MCWB:Des Cool Mass Flow [kg/s],SPACE5-1::Des Latent Heat Load [W],SPACE5-1::Des Latent Cool Load [W],SPACE5-1::Des Latent Heat Mass Flow [kg/s],SPACE5-1::Des Latent Cool Mass Flow [kg/s],SPACE5-1::Des Heat Load No DOAS [W],SPACE5-1::Des Sens Cool Load No DOAS [W],SPACE5-1::Des Latent Heat Load No DOAS [W],SPACE5-1::Des Latent Cool Load No DOAS [W],SPACE5-1:CHICAGO_IL_USA ANNUAL HEATING 99% DESIGN CONDITIONS DB:Heating Zone Temperature [C],SPACE5-1:CHICAGO_IL_USA ANNUAL HEATING 99% DESIGN CONDITIONS DB:Heating Zone Relative Humidity [%],SPACE5-1:CHICAGO_IL_USA ANNUAL COOLING 1% DESIGN CONDITIONS DB/MCWB:Cooling Zone Temperature [C],SPACE5-1:CHICAGO_IL_USA ANNUAL COOLING 1% DESIGN CONDITIONS DB/MCWB:Cooling Zone Relative Humidity [%]
00:15:00,3.416128E+03,0.000000E+00,1.163647E-01,0.000000E+00,0.000000E+00,0.000000E+00,0.000000E+00,0.000000E+00,0.000000E+00,0.000000E+00,0.000000E+00,0.000000E+00,2.099894E+01,2.378930E+01,2.232351E+01,5.557870E+01,1.428102E+03,0.000000E+00,4.864601E-02,0.000000E+00,0.000000E+00,0.000000E+00,0.000000E+00,0.000000E+00,0.000000E+00,0.000000E+00,0.000000E+00,0.000000E+00,2.099900E+01,2.371870E+01,2.232197E+01,5.634902E+01,3.318788E+03,0.000000E+00,1.130490E-01,0.000000E+00,0.000000E+00,0.000000E+00,0.000000E+00,0.000000E+00,0.000000E+00,0.000000E+00,0.000000E+00,0.000000E+00,2.099893E+01,2.374480E+01,2.226620E+01,5.667692E+01,1.428102E+03,0.000000E+00,4.864601E-02,0.000000E+00,0.000000E+00,0.000000E+00,0.000000E+00,0.000000E+00,0.000000E+00,0.000000E+00,0.000000E+00,0.000000E+00,2.099900E+01,2.371870E+01,2.244226E+01,5.240660E+01,2.332038E+03,0.000000E+00,7.943683E-02,0.000000E+00,0.000000E+00,0.000000E+00,0.000000E+00,0.000000E+00,0.000000E+00,0.000000E+00,0.000000E+00,0.000000E+00,2.099888E+01,2.136133E+01,2.218180E+01,6.138748E+01
00:30:00,3.416128E+03,0.000000E+00,1.163647E-01,0.000000E+00,0.000000E+00,0.000000E+00,0.000000E+00,0.000000E+00,0.000000E+00,0.000000E+00,0.000000E+00,0.000000E+00,2.099894E+01,2.378930E+01,2.224315E+01,5.585122E+01,1.428102E+03,0.000000E+00,4.864601E-02,0.000000E+00,0.000000E+00,0.000000E+00,0.000000E+00,0.000000E+00,0.000000E+00,0.000000E+00,0.000000E+00,0.000000E+00,2.099900E+01,2.371870E+01,2.224317E+01,5.661992E+01,3.318788E+03,0.000000E+00,1.130490E-01,0.000000E+00,0.000000E+00,0.000000E+00,0.000000E+00,0.000000E+00,0.000000E+00,0.000000E+00,0.000000E+00,0.000000E+00,2.099893E+01,2.374480E+01,2.218732E+01,5.694980E+01,1.428102E+03,0.000000E+00,4.864601E-02,0.000000E+00,0.000000E+00,0.000000E+00,0.000000E+00,0.000000E+00,0.000000E+00,0.000000E+00,0.000000E+00,0.000000E+00,2.099900E+01,2.371870E+01,2.234820E+01,5.270724E+01,2.332038E+03,0.000000E+00,7.943683E-02,0.000000E+00,0.000000E+00,0.000000E+00,0.000000E+00,0.000000E+00,0.000000E+00,0.000000E+00,0.000000E+00,0.000000E+00,2.099888E+01,2.136133E+01,2.212033E+01,6.161781E+01
00:45:00,3.416128E+03,0.000000E+00,1.163647E-01,0.000000E+00,0.000000E+00,0.000000E+00,0.000000E+00,0.000000E+00,0.000000E+00,0.000000E+00,0.000000E+00,0.000000E+00,2.099894E+01,2.378930E+01,2.216658E+01,5.611226E+01,1.428102E+03,0.000000E+00,4.864601E-02,0.000000E+00,0.000000E+00,0.000000E+00,0.000000E+00,0.000000E+00,0.000000E+00,0.000000E+00,0.000000E+00,0.000000E+00,2.099900E+01,2.371870E+01,2.216785E+01,5.688027E+01,3.318788E+03,0.000000E+00,1.130490E-01,0.000000E+00,0.000000E+00,0.000000E+00,0.000000E+00,0.000000E+00,0.000000E+00,0.000000E+00,0.000000E+00,0.000000E+00,2.099893E+01,2.374480E+01,2.211205E+01,5.721156E+01,1.428102E+03,0.000000E+00,4.864601E-02,0.000000E+00,0.000000E+00,0.000000E+00,0.000000E+00,0.000000E+00,0.000000E+00,0.000000E+00,0.000000E+00,0.000000E+00,2.099900E+01,2.371870E+01,2.225944E+01,5.299273E+01,2.332038E+03,0.000000E+00,7.943683E-02,0.000000E+00,0.000000E+00,0.000000E+00,0.000000E+00,0.000000E+00,0.000000E+00,0.000000E+00,0.000000E+00,0.000000E+00,2.099888E+01,2.136133E+01,2.206183E+01,6.183793E+01
01:00:00,3.416128E+03,0.000000E+00,1.163647E-01,0.000000E+00,0.000000E+00,0.000000E+00,0.000000E+00,0.000000E+00,0.000000E+00,0.000000E+00,0.000000E+00,0.000000E+00,2.099894E+01,2.378930E+01,2.209325E+01,5.636356E+01,1.428102E+03,0.000000E+00,4.864601E-02,0.000000E+00,0.000000E+00,0.000000E+00,0.000000E+00,0.000000E+00,0.000000E+00,0.000000E+00,0.000000E+00,0.000000E+00,2.099900E+01,2.371870E+01,2.209555E+01,5.713140E+01,3.318788E+03,0.000000E+00,1.130490E-01,0.000000E+00,0.000000E+00,0.000000E+00,0.000000E+00,0.000000E+00,0.000000E+00,0.000000E+00,0.000000E+00,0.000000E+00,2.099893E+01,2.374480E+01,2.203988E+01,5.746385E+01,1.428102E+03,0.000000E+00,4.864601E-02,0.000000E+00,0.000000E+00,0.000000E+00,0.000000E+00,0.000000E+00,0.000000E+00,0.000000E+00,0.000000E+00,0.000000E+00,2.099900E+01,2.371870E+01,2.217534E+01,5.326479E+01,2.332038E+03,0.000000E+00,7.943683E-02,0.000000E+00,0.000000E+00,0.000000E+00,0.000000E+00,0.000000E+00,0.000000E+00,0.000000E+00,0.000000E+00,0.000000E+00,2.099888E+01,2.136133E+01,2.200608E+01,6.204851E+01
01:15:00,3.416128E+03,0.000000E+00,1.163647E-01,0.000000E+00,0.000000E+00,0.000000E+00,0.000000E+00,0.000000E+00,0.000000E+00,0.000000E+00,0.000000E+00,0.000000E+00,2.099894E+01,2.378930E+01,2.202275E+01,5.660637E+01,1.428102E+03,0.000000E+00,4.864601E-02,0.000000E+00,0.000000E+00,0.000000E+00,0.000000E+00,0.000000E+00,0.000000E+00,0.000000E+00,0.000000E+00,0.000000E+00,2.099900E+01,2.371870E+01,2.202597E+01,5.737427E+01,3.318788E+03,0.000000E+00,1.130490E-01,0.000000E+00,0.000000E+00,0.000000E+00,0.000000E+00,0.000000E+00,0.000000E+00,0.000000E+00,0.000000E+00,0.000000E+00,2.099893E+01,2.374480E+01,2.197041E+01,5.770784E+01,1.428102E+03,0.000000E+00,4.864601E-02,0.000000E+00,0.000000E+00,0.000000E+00,0.000000E+00,0.000000E+00,0.000000E+00,0.000000E+00,0.000000E+00,0.000000E+00,2.099900E+01,2.371870E+01,2.209544E+01,5.352477E+01,2.332038E+03,0.000000E+00,7.943683E-02,0.000000E+00,0.000000E+00,0.000000E+00,0.000000E+00,0.000000E+00,0.000000E+00,0.000000E+00,0.000000E+00,0.000000E+00,2.099888E+01,2.136133E+01,2.195289E+01,6.225020E+01
01:30:00,3.416128E+03,0.000000E+00,1.163647E-01,0.000000E+00,0.000000E+00,0.000000E+00,0.000000E+00,0.000000E+00,0.000000E+00,0.000000E+00,0.000000E+00,0.000000E+00,2.099894E+01,2.378930E+01,2.195655E+01,5.683540E+01,1.428102E+03,0.000000E+00,4.864601E-02,0.000000E+00,0.000000E+00,0.000000E+00,0.000000E+00,0.000000E+00,0.000000E+00,0.000000E+00,0.000000E+00,0.000000E+00,2.099900E+01,2.371870E+01,2.196022E+01,5.760487E+01,3.318788E+03,0.000000E+00,1.130490E-01,0.000000E+00,0.000000E+00,0.000000E+00,0.000000E+00,0.000000E+00,0.000000E+00,0.000000E+00,0.000000E+00,0.000000E+00,2.099893E+01,2.374480E+01,2.190505E+01,5.793847E+01,1.428102E+03,0.000000E+00,4.864601E-02,0.000000E+00,0.000000E+00,0.000000E+00,0.000000E+00,0.000000E+00,0.000000E+00,0.000000E+00,0.000000E+00,0.000000E+00,2.099900E+01,2.371870E+01,2.202066E+01,5.376935E+01,2.332038E+03,0.000000E+00,7.943683E-02,0.000000E+00,0.000000E+00,0.000000E+00,0.000000E+00,0.000000E+00,0.000000E+00,0.000000E+00,0.000000E+00,0.000000E+00,2.099888E+01,2.136133E+01,2.190208E+01,6.244354E+01
01:45:00,3.416128E+03,0.000000E+00,1.163647E-01,0.000000E+00,0.000000E+00,0.000000E+00,0.000000E+00,0.000000E+00,0.000000E+00,0.000000E+00,0.000000E+00,0.000000E+00,2.099894E+01,2.378930E+01,2.189410E+01,5.705247E+01,1.428102E+03,0.000000E+00,4.864601E-02,0.000000E+00,0.000000E+00,0.000000E+00,0.000000E+00,0.000000E+00,0.000000E+00,0.000000E+00,0.000000E+00,0.000000E+00,2.099900E+01,2.371870E+01,2.189785E+01,5.782454E+01,3.318788E+03,0.000000E+00,1.130490E-01,0.000000E+00,0.000000E+00,0.000000E+00,0.000000E+00,0.000000E+00,0.000000E+00,0.000000E+00,0.000000E+00,0.000000E+00,2.099893E+01,2.374480E+01,2.184328E+01,5.815741E+01,1.428102E+03,0.000000E+00,4.864601E-02,0.000000E+00,0.000000E+00,0.000000E+00,0.000000E+00,0.000000E+00,0.000000E+00,0.000000E+00,0.000000E+00,0.000000E+00,2.099900E+01,2.371870E+01,2.195042E+01,5.400025E+01,2.332038E+03,0.000000E+00,7.943683E-02,0.000000E+00,0.000000E+00,0.000000E+00,0.000000E+00,0.000000E+00,0.000000E+00,0.000000E+00,0.000000E+00,0.000000E+00,2.099888E+01,2.136133E+01,2.185351E+01,6.262897E+01
02:00:00,3.416128E+03,0.000000E+00,1.163647E-01,0.000000E+00,0.000000E+00,0.000000E+00,0.000000E+00,0.000000E+00,0.000000E+00,0.000000E+00,0.000000E+00,0.000000E+00,2.099894E+01,2.378930E+01,2.183466E+01,5.725991E+01,1.428102E+03,0.000000E+00,4.864601E-02,0.000000E+00,0.000000E+00,0.000000E+00,0.000000E+00,0.000000E+00,0.000000E+00,0.000000E+00,0.000000E+00,0.000000E+00,2.099900E+01,2.371870E+01,2.183821E+01,5.803549E+01,3.318788E+03,0.000000E+00,1.130490E-01,0.000000E+00,0.000000E+00,0.000000E+00,0.000000E+00,0.000000E+00,0.000000E+00,0.000000E+00,0.000000E+00,0.000000E+00,2.099893E+01,2.374480E+01,2.178442E+01,5.836690E+01,1.428102E+03,0.000000E+00,4.864601E-02,0.000000E+00,0.000000E+00,0.000000E+00,0.000000E+00,0.000000E+00,0.000000E+00,0.000000E+00,0.000000E+00,0.000000E+00,2.099900E+01,2.371870E+01,2.188391E+01,5.421989E+01,2.332038E+03,0.000000E+00,7.943683E-02,0.000000E+00,0.000000E+00,0.000000E+00,0.000000E+00,0.000000E+00,0.000000E+00,0.000000E+00,0.000000E+00,0.000000E+00,2.099888E+01,2.136133E+01,2.180707E+01,6.280686E+01
02:15:00,3.416128E+03,0.000000E+00,1.163647E-01,0.000000E+00,0.000000E+00,0.000000E+00,0.000000E+00,0.000000E+00,0.000000E+00,0.000000E+00,0.000000E+00,0.000000E+00,2.099894E+01,2.378930E+01,2.177772E+01,5.745941E+01,1.428102E+03,0.000000E+00,4.864601E-02,0.000000E+00,0.000000E+00,0.000000E+00,0.000000E+00,0.000000E+00,0.000000E+00,0.000000E+00,0.000000E+00,0.000000E+00,2.099900E+01,2.371870E+01,2.178099E+01,5.823873E+01,3.318788E+03,0.000000E+00,1.130490E-01,0.000000E+00,0.000000E+00,0.000000E+00,0.000000E+00,0.000000E+00,0.000000E+00,0.000000E+00,0.000000E+00,0.000000E+00,2.099893E+01,2.374480E+01,2.172798E+01,5.856853E+01,1.428102E+03,0.000000E+00,4.864601E-02,0.000000E+00,0.000000E+00,0.000000E+00,0.000000E+00,0.000000E+00,0.000000E+00,0.000000E+00,0.000000E+00,0.000000E+00,2.099900E+01,2.371870E+01,2.182071E+01,5.442958E+01,2.332038E+03,0.000000E+00,7.943683E-02,0.000000E+00,0.000000E+00,0.000000E+00,0.000000E+00,0.000000E+00,0.000000E+00,0.000000E+00,0.000000E+00,0.000000E+00,2.099888E+01,2.136133E+01,2.176266E+01,6.297753E+01
02:30:00,3.416128E+03,0.000000E+00,1.163647E-01,0.000000E+00,0.000000E+00,0.000000E+00,0.000000E+00,0.000000E+00,0.000000E+00,0.000000E+00,0.000000E+00,0.000000E+00,2.099894E+01,2.378930E+01,2.172374E+01,5.764931E+01,1.428102E+03,0.000000E+00,4.864601E-02,0.000000E+00,0.000000E+00,0.000000E+00,0.000000E+00,0.000000E+00,0.000000E+00,0.000000E+00,0.000000E+00,0.000000E+00,2.099900E+01,2.371870E+01,2.172655E+01,5.843281E+01,3.318788E+03,0.000000E+00,1.130490E-01,0.000000E+00,0.000000E+00,0.000000E+00,0.000000E+00,0.000000E+00,0.000000E+00,0.000000E+00,0.000000E+00,0.000000E+00,2.099893E+01,2.374480E+01,2.167440E+01,5.876071E+01,1.428102E+03,0.000000E+00,4.864601E-02,0.000000E+00,0.000000E+00,0.000000E+00,0.000000E+00,0.000000E+00,0.000000E+00,0.000000E+00,0.000000E+00,0.000000E+00,2.099900E+01,2.371870E+01,2.176106E+01,5.462829E+01,2.332038E+03,0.000000E+00,7.943683E-02,0.000000E+00,0.000000E+00,0.000000E+00,0.000000E+00,0.000000E+00,0.000000E+00,0.000000E+00,0.000000E+00,0.000000E+00,2.099888E+01,2.136133E+01,2.172016E+01,6.314130E+01
02:45:00,3.416128E+03,0.000000E+00,1.163647E-01,0.000000E+00,0.000000E+00,0.000000E+00,0.000000E+00,0.000000E+00,0.000000E+00,0.000000E+00,0.000000E+00,0.000000E+00,2.099894E+01,2.378930E+01,2.167259E+01,5.782984E+01,1.428102E+03,0.000000E+00,4.864601E-02,0.000000E+00,0.000000E+00,0.000000E+00,0.000000E+00,0.000000E+00,0.000000E+00,0.000000E+00,0.000000E+00,0.000000E+00,2.099900E+01,2.371870E+01,2.167479E+01,5.861798E+01,3.318788E+03,0.000000E+00,1.130490E-01,0.000000E+00,0.000000E+00,0.000000E+00,0.000000E+00,0.000000E+00,0.000000E+00,0.000000E+00,0.000000E+00,0.000000E+00,2.099893E+01,2.374480E+01,2.162359E+01,5.894362E+01,1.428102E+03,0.000000E+00,4.864601E-02,0.000000E+00,0.000000E+00,0.000000E+00,0.000000E+00,0.000000E+00,0.000000E+00,0.000000E+00,0.000000E+00,0.000000E+00,2.099900E+01,2.371870E+01,2.170478E+01,5.481654E+01,2.332038E+03,0.000000E+00,7.943683E-02,0.000000E+00,0.000000E+00,0.000000E+00,0.000000E+00,0.000000E+00,0.000000E+00,0.000000E+00,0.000000E+00,0.000000E+00,2.099888E+01,2.136133E+01,2.167951E+01,6.329845E+01
03:00:00,3.416128E+03,0.000000E+00,1.163647E-01,0.000000E+00,0.000000E+00,0.000000E+00,0.000000E+00,0.000000E+00,0.000000E+00,0.000000E+00,0.000000E+00,0.000000E+00,2.099894E+01,2.378930E+01,2.162389E+01,5.800236E+01,1.428102E+03,0.000000E+00,4.864601E-02,0.000000E+00,0.000000E+00,0.000000E+00,0.000000E+00,0.000000E+00,0.000000E+00,0.000000E+00,0.000000E+00,0.000000E+00,2.099900E+01,2.371870E+01,2.162541E+01,5.879532E+01,3.318788E+03,0.000000E+00,1.130490E-01,0.000000E+00,0.000000E+00,0.000000E+00,0.000000E+00,0.000000E+00,0.000000E+00,0.000000E+00,0.000000E+00,0.000000E+00,2.099893E+01,2.374480E+01,2.157516E+01,5.911854E+01,1.428102E+03,0.000000E+00,4.864601E-02,0.000000E+00,0.000000E+00,0.000000E+00,0.000000E+00,0.000000E+00,0.000000E+00,0.000000E+00,0.000000E+00,0.000000E+00,2.099900E+01,2.371870E+01,2.165145E+01,5.499558E+01,2.332038E+03,0.000000E+00,7.943683E-02,0.000000E+00,0.000000E+00,0.000000E+00,0.000000E+00,0.000000E+00,0.000000E+00,0.000000E+00,0.000000E+00,0.000000E+00,2.099888E+01,2.136133E+01,2.164060E+01,6.344925E+01
03:15:00,3.416128E+03,0.000000E+00,1.163647E-01,0.000000E+00,0.000000E+00,0.000000E+00,0.000000E+00,0.000000E+00,0.000000E+00,0.000000E+00,0.000000E+00,0.000000E+00,2.099894E+01,2.378930E+01,2.157730E+01,5.816794E+01,1.428102E+03,0.000000E+00,4.864601E-02,0.000000E+00,0.000000E+00,0.000000E+00,0.000000E+00,0.000000E+00,0.000000E+00,0.000000E+00,0.000000E+00,0.000000E+00,2.099900E+01,2.371870E+01,2.157813E+01,5.896561E+01,3.318788E+03,0.000000E+00,1.130490E-01,0.000000E+00,0.000000E+00,0.000000E+00,0.000000E+00,0.000000E+00,0.000000E+00,0.000000E+00,0.000000E+00,0.000000E+00,2.099893E+01,2.374480E+01,2.152881E+01,5.928649E+01,1.428102E+03,0.000000E+00,4.864601E-02,0.000000E+00,0.000000E+00,0.000000E+00,0.000000E+00,0.000000E+00,0.000000E+00,0.000000E+00,0.000000E+00,0.000000E+00,2.099900E+01,2.371870E+01,2.160076E+01,5.516639E+01,2.332038E+03,0.000000E+00,7.943683E-02,0.000000E+00,0.000000E+00,0.000000E+00,0.000000E+00,0.000000E+00,0.000000E+00,0.000000E+00,0.000000E+00,0.000000E+00,2.099888E+01,2.136133E+01,2.160336E+01,6.359396E+01
03:30:00,3.416128E+03,0.000000E+00,1.163647E-01,0.000000E+00,0.000000E+00,0.000000E+00,0.000000E+00,0.000000E+00,0.000000E+00,0.000000E+00,0.000000E+00,0.000000E+00,2.099894E+01,2.378930E+01,2.153273E+01,5.832683E+01,1.428102E+03,0.000000E+00,4.864601E-02,0.000000E+00,0.000000E+00,0.000000E+00,0.000000E+00,0.000000E+00,0.000000E+00,0.000000E+00,0.000000E+00,0.000000E+00,2.099900E+01,2.371870E+01,2.153293E+01,5.912900E+01,3.318788E+03,0.000000E+00,1.130490E-01,0.000000E+00,0.000000E+00,0.000000E+00,0.000000E+00,0.000000E+00,0.000000E+00,0.000000E+00,0.000000E+00,0.000000E+00,2.099893E+01,2.374480E+01,2.148446E+01,5.944770E+01,1.428102E+03,0.000000E+00,4.864601E-02,0.000000E+00,0.000000E+00,0.000000E+00,0.000000E+00,0.000000E+00,0.000000E+00,0.000000E+00,0.000000E+00,0.000000E+00,2.099900E+01,2.371870E+01,2.155258E+01,5.532929E+01,2.332038E+03,0.000000E+00,7.943683E-02,0.000000E+00,0.000000E+00,0.000000E+00,0.000000E+00,0.000000E+00,0.000000E+00,0.000000E+00,0.000000E+00,0.000000E+00,2.099888E+01,2.136133E+01,2.156782E+01,6.373241E+01
03:45:00,3.416128E+03,0.000000E+00,1.163647E-01,0.000000E+00,0.000000E+00,0.000000E+00,0.000000E+00,0.000000E+00,0.000000E+00,0.000000E+00,0.000000E+00,0.000000E+00,2.099894E+01,2.378930E+01,2.148998E+01,5.847970E+01,1.428102E+03,0.000000E+00,4.864601E-02,0.000000E+00,0.000000E+00,0.000000E+00,0.000000E+00,0.000000E+00,0.000000E+00,0.000000E+00,0.000000E+00,0.000000E+00,2.099900E+01,2.371870E+01,2.148959E+01,5.928611E+01,3.318788E+03,0.000000E+00,1.130490E-01,0.000000E+00,0.000000E+00,0.000000E+00,0.000000E+00,0.000000E+00,0.000000E+00,0.000000E+00,0.000000E+00,0.000000E+00,2.099893E+01,2.374480E+01,2.144191E+01,5.960284E+01,1.428102E+03,0.000000E+00,4.864601E-02,0.000000E+00,0.000000E+00,0.000000E+00,0.000000E+00,0.000000E+00,0.000000E+00,0.000000E+00,0.000000E+00,0.000000E+00,2.099900E+01,2.371870E+01,2.150665E+01,5.548506E+01,2.332038E+03,0.000000E+00,7.943683E-02,0.000000E+00,0.000000E+00,0.000000E+00,0.000000E+00,0.000000E+00,0.000000E+00,0.000000E+00,0.000000E+00,0.000000E+00,2.099888E+01,2.136133E+01,2.153383E+01,6.386514E+01
04:00:00,3.416128E+03,0.000000E+00,1.163647E-01,0.000000E+00,0.000000E+00,0.000000E+00,0.000000E+00,0.000000E+00,0.000000E+00,0.000000E+00,0.000000E+00,0.000000E+00,2.099894E+01,2.378930E+01,2.144887E+01,5.862714E+01,1.428102E+03,0.000000E+00,4.864601E-02,0.000000E+00,0.000000E+00,0.000000E+00,0.000000E+00,0.000000E+00,0.000000E+00,0.000000E+00,0.000000E+00,0.000000E+00,2.099900E+01,2.371870E+01,2.144795E+01,5.943749E+01,3.318788E+03,0.000000E+00,1.130490E-01,0.000000E+00,0.000000E+00,0.000000E+00,0.000000E+00,0.000000E+00,0.000000E+00,0.000000E+00,0.000000E+00,0.000000E+00,2.099893E+01,2.374480E+01,2.140099E+01,5.975247E+01,1.428102E+03,0.000000E+00,4.864601E-02,0.000000E+00,0.000000E+00,0.000000E+00,0.000000E+00,0.000000E+00,0.000000E+00,0.000000E+00,0.000000E+00,0.000000E+00,2.099900E+01,2.371870E+01,2.146277E+01,5.563436E+01,2.332038E+03,0.000000E+00,7.943683E-02,0.000000E+00,0.000000E+00,0.000000E+00,0.000000E+00,0.000000E+00,0.000000E+00,0.000000E+00,0.000000E+00,0.000000E+00,2.099888E+01,2.136133E+01,2.150126E+01,6.399261E+01
04:15:00,3.416128E+03,0.000000E+00,1.163647E-01,0.000000E+00,0.000000E+00,0.000000E+00,0.000000E+00,0.000000E+00,0.000000E+00,0.000000E+00,0.000000E+00,0.000000E+00,2.099894E+01,2.378930E+01,2.140927E+01,5.876953E+01,1.428102E+03,0.000000E+00,4.864601E-02,0.000000E+00,0.000000E+00,0.000000E+00,0.000000E+00,0.000000E+00,0.000000E+00,0.000000E+00,0.000000E+00,0.000000E+00,2.099900E+01,2.371870E+01,2.140790E+01,5.958352E+01,3.318788E+03,0.000000E+00,1.130490E-01,0.000000E+00,0.000000E+00,0.000000E+00,0.000000E+00,0.000000E+00,0.000000E+00,0.000000E+00,0.000000E+00,0.000000E+00,2.099893E+01,2.374480E+01,2.136157E+01,5.989698E+01,1.428102E+03,0.000000E+00,4.864601E-02,0.000000E+00,0.000000E+00,0.000000E+00,0.000000E+00,0.000000E+00,0.000000E+00,0.000000E+00,0.000000E+00,0.000000E+00,2.099900E+01,2.371870E+01,2.142077E+01,5.577769E+01,2.332038E+03,0.000000E+00,7.943683E-02,0.000000E+00,0.000000E+00,0.000000E+00,0.000000E+00,0.000000E+00,0.000000E+00,0.000000E+00,0.000000E+00,0.000000E+00,2.099888E+01,2.136133E+01,2.147003E+01,6.411512E+01
04:30:00,3.416128E+03,0.000000E+00,1.163647E-01,0.000000E+00,0.000000E+00,0.000000E+00,0.000000E+00,0.000000E+00,0.000000E+00,0.000000E+00,0.000000E+00,0.000000E+00,2.099894E+01,2.378930E+01,2.137177E+01,5.890475E+01,1.428102E+03,0.000000E+00,4.864601E-02,0.000000E+00,0.000000E+00,0.000000E+00,0.000000E+00,0.000000E+00,0.000000E+00,0.000000E+00,0.000000E+00,0.000000E+00,2.099900E+01,2.371870E+01,2.136983E+01,5.972270E+01,3.318788E+03,0.000000E+00,1.130490E-01,0.000000E+00,0.000000E+00,0.000000E+00,0.000000E+00,0.000000E+00,0.000000E+00,0.000000E+00,0.000000E+00,0.000000E+00,2.099893E+01,2.374480E+01,2.132420E+01,6.003436E+01,1.428102E+03,0.000000E+00,4.864601E-02,0.000000E+00,0.000000E+00,0.000000E+00,0.000000E+00,0.000000E+00,0.000000E+00,0.000000E+00,0.000000E+00,0.000000E+00,2.099900E+01,2.371870E+01,2.138101E+01,5.591376E+01,2.332038E+03,0.000000E+00,7.943683E-02,0.000000E+00,0.000000E+00,0.000000E+00,0.000000E+00,0.000000E+00,0.000000E+00,0.000000E+00,0.000000E+00,0.000000E+00,2.099888E+01,2.136133E+01,2.144008E+01,6.423285E+01
04:45:00,3.416128E+03,0.000000E+00,1.163647E-01,0.000000E+00,0.000000E+00,0.000000E+00,0.000000E+00,0.000000E+00,0.000000E+00,0.000000E+00,0.000000E+00,0.000000E+00,2.099894E+01,2.378930E+01,2.133630E+01,5.903296E+01,1.428102E+03,0.000000E+00,4.864601E-02,0.000000E+00,0.000000E+00,0.000000E+00,0.000000E+00,0.000000E+00,0.000000E+00,0.000000E+00,0.000000E+00,0.000000E+00,2.099900E+01,2.371870E+01,2.133367E+01,5.985524E+01,3.318788E+03,0.000000E+00,1.130490E-01,0.000000E+00,0.000000E+00,0.000000E+00,0.000000E+00,0.000000E+00,0.000000E+00,0.000000E+00,0.000000E+00,0.000000E+00,2.099893E+01,2.374480E+01,2.128882E+01,6.016476E+01,1.428102E+03,0.000000E+00,4.864601E-02,0.000000E+00,0.000000E+00,0.000000E+00,0.000000E+00,0.000000E+00,0.000000E+00,0.000000E+00,0.000000E+00,0.000000E+00,2.099900E+01,2.371870E+01,2.134338E+01,5.604289E+01,2.332038E+03,0.000000E+00,7.943683E-02,0.000000E+00,0.000000E+00,0.000000E+00,0.000000E+00,0.000000E+00,0.000000E+00,0.000000E+00,0.000000E+00,0.000000E+00,2.099888E+01,2.136133E+01,2.141136E+01,6.434596E+01
05:00:00,3.416128E+03,0.000000E+00,1.163647E-01,0.000000E+00,0.000000E+00,0.000000E+00,0.000000E+00,0.000000E+00,0.000000E+00,0.000000E+00,0.000000E+00,0.000000E+00,2.099894E+01,2.378930E+01,2.130251E+01,5.915540E+01,1.428102E+03,0.000000E+00,4.864601E-02,0.000000E+00,0.000000E+00,0.000000E+00,0.000000E+00,0.000000E+00,0.000000E+00,0.000000E+00,0.000000E+00,0.000000E+00,2.099900E+01,2.371870E+01,2.129915E+01,5.998204E+01,3.318788E+03,0.000000E+00,1.130490E-01,0.000000E+00,0.000000E+00,0.000000E+00,0.000000E+00,0.000000E+00,0.000000E+00,0.000000E+00,0.000000E+00,0.000000E+00,2.099893E+01,2.374480E+01,2.125512E+01,6.028927E+01,1.428102E+03,0.000000E+00,4.864601E-02,0.000000E+00,0.000000E+00,0.000000E+00,0.000000E+00,0.000000E+00,0.000000E+00,0.000000E+00,0.000000E+00,0.000000E+00,2.099900E+01,2.371870E+01,2.130758E+01,5.616605E+01,2.332038E+03,0.000000E+00,7.943683E-02,0.000000E+00,0.000000E+00,0.000000E+00,0.000000E+00,0.000000E+00,0.000000E+00,0.000000E+00,0.000000E+00,0.000000E+00,2.099888E+01,2.136133E+01,2.138383E+01,6.445462E+01
05:15:00,3.416128E+03,0.000000E+00,1.163647E-01,0.000000E+00,0.000000E+00,0.000000E+00,0.000000E+00,0.000000E+00,0.000000E+00,0.000000E+00,0.000000E+00,0.000000E+00,2.099894E+01,2.378930E+01,2.127601E+01,5.925165E+01,1.428102E+03,0.000000E+00,4.864601E-02,0.000000E+00,0.000000E+00,0.000000E+00,0.000000E+00,0.000000E+00,0.000000E+00,0.000000E+00,0.000000E+00,0.000000E+00,2.099900E+01,2.371870E+01,2.132185E+01,5.989860E+01,3.318788E+03,0.000000E+00,1.130490E-01,0.000000E+00,0.000000E+00,0.000000E+00,0.000000E+00,0.000000E+00,0.000000E+00,0.000000E+00,0.000000E+00,0.000000E+00,2.099893E+01,2.374480E+01,2.130563E+01,6.010276E+01,1.428102E+03,0.000000E+00,4.864601E-02,0.000000E+00,0.000000E+00,0.000000E+00,0.000000E+00,0.000000E+00,0.000000E+00,0.000000E+00,0.000000E+00,0.000000E+00,2.099900E+01,2.371870E+01,2.128102E+01,5.625758E+01,2.332038E+03,0.000000E+00,7.943683E-02,0.000000E+00,0.000000E+00,0.000000E+00,0.000000E+00,0.000000E+00,0.000000E+00,0.000000E+00,0.000000E+00,0.000000E+00,2.099888E+01,2.136133E+01,2.135813E+01,6.455623E+01
05:30:00,3.416128E+03,0.000000E+00,1.163647E-01,0.000000E+00,0.000000E+00,0.000000E+00,0.000000E+00,0.000000E+00,0.000000E+00,0.000000E+00,0.000000E+00,0.000000E+00,2.099894E+01,2.378930E+01,2.128250E+01,5.922804E+01,1.428102E+03,0.000000E+00,4.864601E-02,0.000000E+00,0.000000E+00,0.000000E+00,0.000000E+00,0.000000E+00,0.000000E+00,0.000000E+00,0.000000E+00,0.000000E+00,2.099900E+01,2.371870E+01,2.166028E+01,5.867004E+01,3.318788E+03,0.000000E+00,1.130490E-01,0.000000E+00,0.000000E+00,0.000000E+00,0.000000E+00,0.000000E+00,0.000000E+00,0.000000E+00,0.000000E+00,0.000000E+00,2.099893E+01,2.374480E+01,2.176553E+01,5.843430E+01,1.428102E+03,0.000000E+00,4.864601E-02,0.000000E+00,0.000000E+00,0.000000E+00,0.000000E+00,0.000000E+00,0.000000E+00,0.000000E+00,0.000000E+00,0.000000E+00,2.099900E+01,2.371870E+01,2.129640E+01,5.620457E+01,2.332038E+03,0.000000E+00,7.943683E-02,0.000000E+00,0.000000E+00,0.000000E+00,0.000000E+00,0.000000E+00,0.000000E+00,0.000000E+00,0.000000E+00,0.000000E+00,2.099888E+01,2.136133E+01,2.133358E+01,6.465347E+01
05:45:00,3.416128E+03,0.000000E+00,1.163647E-01,0.000000E+00,0.000000E+00,0.000000E+00,0.000000E+00,0.000000E+00,0.000000E+00,0.000000E+00,0.000000E+00,0.000000E+00,2.099894E+01,2.378930E+01,2.132960E+01,5.905725E+01,1.428102E+03,0.000000E+00,4.864601E-02,0.000000E+00,0.000000E+00,0.000000E+00,0.000000E+00,0.000000E+00,0.000000E+00,0.000000E+00,0.000000E+00,0.000000E+00,2.099900E+01,2.371870E+01,2.217824E+01,5.684426E+01,3.318788E+03,0.000000E+00,1.130490E-01,0.000000E+00,0.000000E+00,0.000000E+00,0.000000E+00,0.000000E+00,0.000000E+00,0.000000E+00,0.000000E+00,0.000000E+00,2.099893E+01,2.374480E+01,2.237972E+01,5.628678E+01,1.428102E+03,0.000000E+00,4.864601E-02,0.000000E+00,0.000000E+00,0.000000E+00,0.000000E+00,0.000000E+00,0.000000E+00,0.000000E+00,0.000000E+00,0.000000E+00,2.099900E+01,2.371870E+01,2.136000E+01,5.598581E+01,2.332038E+03,0.000000E+00,7.943683E-02,0.000000E+00,0.000000E+00,0.000000E+00,0.000000E+00,0.000000E+00,0.000000E+00,0.000000E+00,0.000000E+00,0.000000E+00,2.099888E+01,2.136133E+01,2.133080E+01,6.466446E+01
06:00:00,3.416128E+03,0.000000E+00,1.163647E-01,0.000000E+00,0.000000E+00,0.000000E+00,0.000000E+00,0.000000E+00,0.000000E+00,0.000000E+00,0.000000E+00,0.000000E+00,2.099894E+01,2.378930E+01,2.139808E+01,5.880987E+01,1.428102E+03,0.000000E+00,4.864601E-02,0.000000E+00,0.000000E+00,0.000000E+00,0.000000E+00,0.000000E+00,0.000000E+00,0.000000E+00,0.000000E+00,0.000000E+00,2.099900E+01,2.371870E+01,2.277509E+01,5.481929E+01,3.318788E+03,0.000000E+00,1.130490E-01,0.000000E+00,0.000000E+00,0.000000E+00,0.000000E+00,0.000000E+00,0.000000E+00,0.000000E+00,0.000000E+00,0.000000E+00,2.099893E+01,2.374480E+01,2.302765E+01,5.411712E+01,1.428102E+03,0.000000E+00,4.864601E-02,0.000000E+00,0.000000E+00,0.000000E+00,0.000000E+00,0.000000E+00,0.000000E+00,0.000000E+00,0.000000E+00,0.000000E+00,2.099900E+01,2.371870E+01,2.144901E+01,5.568126E+01,2.332038E+03,0.000000E+00,7.943683E-02,0.000000E+00,0.000000E+00,0.000000E+00,0.000000E+00,0.000000E+00,0.000000E+00,0.000000E+00,0.000000E+00,0.000000E+00,2.099888E+01,2.136133E+01,2.134617E+01,6.460359E+01
06:15:00,3.416128E+03,0.000000E+00,1.163647E-01,0.000000E+00,0.000000E+00,0.000000E+00,0.000000E+00,0.000000E+00,0.000000E+00,0.000000E+00,0.000000E+00,0.000000E+00,2.099894E+01,2.378930E+01,2.148161E+01,5.850970E+01,1.428102E+03,0.000000E+00,4.864601E-02,0.000000E+00,0.000000E+00,0.000000E+00,0.000000E+00,0.000000E+00,0.000000E+00,0.000000E+00,0.000000E+00,0.000000E+00,2.099900E+01,2.371870E+01,2.340718E+01,5.276284E+01,3.318788E+03,6.990886E+00,1.130490E-01,6.910513E-04,0.000000E+00,0.000000E+00,0.000000E+00,0.000000E+00,0.000000E+00,0.000000E+00,0.000000E+00,0.000000E+00,2.099893E+01,2.374480E+01,2.363475E+01,5.216935E+01,1.428102E+03,0.000000E+00,4.864601E-02,0.000000E+00,0.000000E+00,0.000000E+00,0.000000E+00,0.000000E+00,0.000000E+00,0.000000E+00,0.000000E+00,0.000000E+00,2.099900E+01,2.371870E+01,2.155525E+01,5.532025E+01,2.332038E+03,0.000000E+00,7.943683E-02,0.000000E+00,0.000000E+00,0.000000E+00,0.000000E+00,0.000000E+00,0.000000E+00,0.000000E+00,0.000000E+00,0.000000E+00,2.099888E+01,2.136133E+01,2.137893E+01,6.447395E+01
06:30:00,3.416128E+03,0.000000E+00,1.163647E-01,0.000000E+00,0.000000E+00,0.000000E+00,0.000000E+00,0.000000E+00,0.000000E+00,0.000000E+00,0.000000E+00,0.000000E+00,2.099894E+01,2.378930E+01,2.155507E+01,5.824712E+01,1.428102E+03,4.760050E+01,4.864601E-02,4.706798E-03,0.000000E+00,0.000000E+00,0.000000E+00,0.000000E+00,0.000000E+00,0.000000E+00,0.000000E+00,0.000000E+00,2.099900E+01,2.371870E+01,2.383692E+01,5.137271E+01,3.318788E+03,1.091069E+02,1.130490E-01,1.075315E-02,0.000000E+00,0.000000E+00,0.000000E+00,0.000000E+00,0.000000E+00,0.000000E+00,0.000000E+00,0.000000E+00,2.099893E+01,2.374480E+01,2.393145E+01,5.117759E+01,1.428102E+03,0.000000E+00,4.864601E-02,0.000000E+00,0.000000E+00,0.000000E+00,0.000000E+00,0.000000E+00,0.000000E+00,0.000000E+00,0.000000E+00,0.000000E+00,2.099900E+01,2.371870E+01,2.164690E+01,5.501088E+01,2.332038E+03,0.000000E+00,7.943683E-02,0.000000E+00,0.000000E+00,0.000000E+00,0.000000E+00,0.000000E+00,0.000000E+00,0.000000E+00,0.000000E+00,0.000000E+00,2.099888E+01,2.136133E+01,2.141305E+01,6.433931E+01
06:45:00,3.416128E+03,0.000000E+00,1.163647E-01,0.000000E+00,0.000000E+00,0.000000E+00,0.000000E+00,0.000000E+00,0.000000E+00,0.000000E+00,0.000000E+00,0.000000E+00,2.099894E+01,2.378930E+01,2.164379E+01,5.793179E+01,1.428102E+03,1.469996E+02,4.864601E-02,1.443735E-02,0.000000E+00,0.000000E+00,0.000000E+00,0.000000E+00,0.000000E+00,0.000000E+00,0.000000E+00,0.000000E+00,2.099900E+01,2.371870E+01,2.399946E+01,5.060138E+01,3.318788E+03,2.580355E+02,1.130490E-01,2.533209E-02,0.000000E+00,0.000000E+00,0.000000E+00,0.000000E+00,0.000000E+00,0.000000E+00,0.000000E+00,0.000000E+00,2.099893E+01,2.374480E+01,2.399963E+01,5.070072E+01,1.428102E+03,0.000000E+00,4.864601E-02,0.000000E+00,0.000000E+00,0.000000E+00,0.000000E+00,0.000000E+00,0.000000E+00,0.000000E+00,0.000000E+00,0.000000E+00,2.099900E+01,2.371870E+01,2.175421E+01,5.465115E+01,2.332038E+03,0.000000E+00,7.943683E-02,0.000000E+00,0.000000E+00,0.000000E+00,0.000000E+00,0.000000E+00,0.000000E+00,0.000000E+00,0.000000E+00,0.000000E+00,2.099888E+01,2.136133E+01,2.145875E+01,6.415943E+01
07:00:00,3.416128E+03,0.000000E+00,1.163647E-01,0.000000E+00,0.000000E+00,0.000000E+00,0.000000E+00,0.000000E+00,0.000000E+00,0.000000E+00,0.000000E+00,0.000000E+00,2.099894E+01,2.378930E+01,2.173094E+01,5.762393E+01,1.428102E+03,2.761801E+02,4.864601E-02,2.708361E-02,0.000000E+00,0.000000E+00,0.000000E+00,0.000000E+00,0.000000E+00,0.000000E+00,0.000000E+00,0.000000E+00,2.099900E+01,2.371870E+01,2.399922E+01,5.013885E+01,3.318788E+03,4.422140E+02,1.130490E-01,4.336206E-02,0.000000E+00,0.000000E+00,0.000000E+00,0.000000E+00,0.000000E+00,0.000000E+00,0.000000E+00,0.000000E+00,2.099893E+01,2.374480E+01,2.399943E+01,5.034592E+01,1.428102E+03,0.000000E+00,4.864601E-02,0.000000E+00,0.000000E+00,0.000000E+00,0.000000E+00,0.000000E+00,0.000000E+00,0.000000E+00,0.000000E+00,0.000000E+00,2.099900E+01,2.371870E+01,2.185721E+01,5.430837E+01,2.332038E+03,0.000000E+00,7.943683E-02,0.000000E+00,0.000000E+00,0.000000E+00,0.000000E+00,0.000000E+00,0.000000E+00,0.000000E+00,0.000000E+00,0.000000E+00,2.099888E+01,2.136133E+01,2.150592E+01,6.397434E+01
07:15:00,3.416128E+03,0.000000E+00,1.163647E-01,0.000000E+00,0.000000E+00,0.000000E+00,0.000000E+00,0.000000E+00,0.000000E+00,0.000000E+00,0.000000E+00,0.000000E+00,2.099894E+01,2.378930E+01,2.185142E+01,5.720132E+01,1.428102E+03,4.428691E+02,4.864601E-02,4.340198E-02,0.000000E+00,0.000000E+00,0.000000E+00,0.000000E+00,0.000000E+00,0.000000E+00,0.000000E+00,0.000000E+00,2.099900E+01,2.371870E+01,2.399912E+01,4.937826E+01,3.318788E+03,6.469224E+02,1.130490E-01,6.339524E-02,0.000000E+00,0.000000E+00,0.000000E+00,0.000000E+00,0.000000E+00,0.000000E+00,0.000000E+00,0.000000E+00,2.099893E+01,2.374480E+01,2.399937E+01,4.978000E+01,1.428102E+03,0.000000E+00,4.864601E-02,0.000000E+00,0.000000E+00,0.000000E+00,0.000000E+00,0.000000E+00,0.000000E+00,0.000000E+00,0.000000E+00,0.000000E+00,2.099900E+01,2.371870E+01,2.199415E+01,5.385636E+01,2.332038E+03,0.000000E+00,7.943683E-02,0.000000E+00,0.000000E+00,0.000000E+00,0.000000E+00,0.000000E+00,0.000000E+00,0.000000E+00,0.000000E+00,0.000000E+00,2.099888E+01,2.136133E+01,2.157344E+01,6.371047E+01
07:30:00,3.416128E+03,0.000000E+00,1.163647E-01,0.000000E+00,0.000000E+00,0.000000E+00,0.000000E+00,0.000000E+00,0.000000E+00,0.000000E+00,0.000000E+00,0.000000E+00,2.099894E+01,2.378930E+01,2.198186E+01,5.674773E+01,1.428102E+03,6.079293E+02,4.864601E-02,5.951396E-02,0.000000E+00,0.000000E+00,0.000000E+00,0.000000E+00,0.000000E+00,0.000000E+00,0.000000E+00,0.000000E+00,2.099900E+01,2.371870E+01,2.399916E+01,4.864468E+01,3.318788E+03,7.695197E+02,1.130490E-01,7.533130E-02,0.000000E+00,0.000000E+00,0.000000E+00,0.000000E+00,0.000000E+00,0.000000E+00,0.000000E+00,0.000000E+00,2.099893E+01,2.374480E+01,2.399940E+01,4.922260E+01,1.428102E+03,0.000000E+00,4.864601E-02,0.000000E+00,0.000000E+00,0.000000E+00,0.000000E+00,0.000000E+00,0.000000E+00,0.000000E+00,0.000000E+00,0.000000E+00,2.099900E+01,2.371870E+01,2.213480E+01,5.339652E+01,2.332038E+03,0.000000E+00,7.943683E-02,0.000000E+00,0.000000E+00,0.000000E+00,0.000000E+00,0.000000E+00,0.000000E+00,0.000000E+00,0.000000E+00,0.000000E+00,2.099888E+01,2.136133E+01,2.163984E+01,6.345220E+01
07:45:00,3.416128E+03,0.000000E+00,1.163647E-01,0.000000E+00,0.000000E+00,0.000000E+00,0.000000E+00,0.000000E+00,0.000000E+00,0.000000E+00,0.000000E+00,0.000000E+00,2.099894E+01,2.378930E+01,2.212175E+01,5.626576E+01,1.428102E+03,7.529592E+02,4.864601E-02,7.371159E-02,0.000000E+00,0.000000E+00,0.000000E+00,0.000000E+00,0.000000E+00,0.000000E+00,0.000000E+00,0.000000E+00,2.099900E+01,2.371870E+01,2.399942E+01,4.806390E+01,3.318788E+03,8.483669E+02,1.130490E-01,8.305009E-02,0.000000E+00,0.000000E+00,0.000000E+00,0.000000E+00,0.000000E+00,0.000000E+00,0.000000E+00,0.000000E+00,2.099893E+01,2.374480E+01,2.399951E+01,4.874786E+01,1.428102E+03,0.000000E+00,4.864601E-02,0.000000E+00,0.000000E+00,0.000000E+00,0.000000E+00,0.000000E+00,0.000000E+00,0.000000E+00,0.000000E+00,0.000000E+00,2.099900E+01,2.371870E+01,2.227912E+01,5.292926E+01,2.332038E+03,0.000000E+00,7.943683E-02,0.000000E+00,0.000000E+00,0.000000E+00,0.000000E+00,0.000000E+00,0.000000E+00,0.000000E+00,0.000000E+00,0.000000E+00,2.099888E+01,2.136133E+01,2.170279E+01,6.320839E+01
08:00:00,3.416128E+03,0.000000E+00,1.163647E-01,0.000000E+00,0.000000E+00,0.000000E+00,0.000000E+00,0.000000E+00,0.000000E+00,0.000000E+00,0.000000E+00,0.000000E+00,2.099894E+01,2.378930E+01,2.227391E+01,5.574671E+01,1.428102E+03,8.960396E+02,4.864601E-02,8.771755E-02,0.000000E+00,0.000000E+00,0.000000E+00,0.000000E+00,0.000000E+00,0.000000E+00,0.000000E+00,0.000000E+00,2.099900E+01,2.371870E+01,2.399962E+01,4.768762E+01,3.318788E+03,8.876126E+02,1.130490E-01,8.689161E-02,0.000000E+00,0.000000E+00,0.000000E+00,0.000000E+00,0.000000E+00,0.000000E+00,0.000000E+00,0.000000E+00,2.099893E+01,2.374480E+01,2.399962E+01,4.837995E+01,1.428102E+03,0.000000E+00,4.864601E-02,0.000000E+00,0.000000E+00,0.000000E+00,0.000000E+00,0.000000E+00,0.000000E+00,0.000000E+00,0.000000E+00,0.000000E+00,2.099900E+01,2.371870E+01,2.243408E+01,5.243267E+01,2.332038E+03,0.000000E+00,7.943683E-02,0.000000E+00,0.000000E+00,0.000000E+00,0.000000E+00,0.000000E+00,0.000000E+00,0.000000E+00,0.000000E+00,0.000000E+00,2.099888E+01,2.136133E+01,2.176227E+01,6.297902E+01
08:15:00,3.416128E+03,1.440447E+01,1.163647E-01,1.433846E-03,0.000000E+00,0.000000E+00,0.000000E+00,0.000000E+00,0.000000E+00,0.000000E+00,0.000000E+00,0.000000E+00,2.099894E+01,2.378930E+01,2.313919E+01,5.377451E+01,1.428102E+03,1.146621E+03,4.864601E-02,1.122461E-01,0.000000E+00,0.000000E+00,0.000000E+00,0.000000E+00,0.000000E+00,0.000000E+00,0.000000E+00,0.000000E+00,2.099900E+01,2.371870E+01,2.399977E+01,4.819988E+01,3.318788E+03,1.152928E+03,1.130490E-01,1.128629E-01,0.000000E+00,0.000000E+00,0.000000E+00,0.000000E+00,0.000000E+00,0.000000E+00,0.000000E+00,0.000000E+00,2.099893E+01,2.374480E+01,2.399973E+01,4.881488E+01,1.428102E+03,1.238447E+01,4.864601E-02,1.218851E-03,0.000000E+00,0.000000E+00,0.000000E+00,0.000000E+00,0.000000E+00,0.000000E+00,0.000000E+00,0.000000E+00,2.099900E+01,2.371870E+01,2.328403E+01,5.073390E+01,2.332038E+03,0.000000E+00,7.943683E-02,0.000000E+00,0.000000E+00,0.000000E+00,0.000000E+00,0.000000E+00,0.000000E+00,0.000000E+00,0.000000E+00,0.000000E+00,2.099888E+01,2.136133E+01,2.254314E+01,6.087971E+01
08:30:00,3.416128E+03,1.686203E+02,1.163647E-01,1.674054E-02,0.000000E+00,0.000000E+00,0.000000E+00,0.000000E+00,0.000000E+00,0.000000E+00,0.000000E+00,0.000000E+00,2.099894E+01,2.378930E+01,2.387990E+01,5.378438E+01,1.428102E+03,1.384592E+03,4.864601E-02,1.355426E-01,0.000000E+00,0.000000E+00,0.000000E+00,0.000000E+00,0.000000E+00,0.000000E+00,0.000000E+00,0.000000E+00,2.099900E+01,2.371870E+01,2.399916E+01,4.947655E+01,3.318788E+03,1.416889E+03,1.130490E-01,1.387036E-01,0.000000E+00,0.000000E+00,0.000000E+00,0.000000E+00,0.000000E+00,0.000000E+00,0.000000E+00,0.000000E+00,2.099893E+01,2.374480E+01,2.399932E+01,5.051560E+01,1.428102E+03,7.353207E+01,4.864601E-02,7.256714E-03,0.000000E+00,0.000000E+00,0.000000E+00,0.000000E+00,0.000000E+00,0.000000E+00,0.000000E+00,0.000000E+00,2.099900E+01,2.371870E+01,2.390728E+01,5.154790E+01,2.332038E+03,1.929791E+02,7.943683E-02,1.893758E-02,0.000000E+00,0.000000E+00,0.000000E+00,0.000000E+00,0.000000E+00,0.000000E+00,0.000000E+00,0.000000E+00,2.099888E+01,2.136133E+01,2.375072E+01,5.886378E+01
08:45:00,3.416128E+03,3.763735E+02,1.163647E-01,3.707817E-02,0.000000E+00,0.000000E+00,0.000000E+00,0.000000E+00,0.000000E+00,0.000000E+00,0.000000E+00,0.000000E+00,2.099894E+01,2.378930E+01,2.399952E+01,5.503117E+01,1.428102E+03,1.616339E+03,4.864601E-02,1.582318E-01,0.000000E+00,0.000000E+00,0.000000E+00,0.000000E+00,0.000000E+00,0.000000E+00,0.000000E+00,0.000000E+00,2.099900E+01,2.371870E+01,2.399890E+01,4.992469E+01,3.318788E+03,1.679481E+03,1.130490E-01,1.644115E-01,0.000000E+00,0.000000E+00,0.000000E+00,0.000000E+00,0.000000E+00,0.000000E+00,0.000000E+00,0.000000E+00,2.099893E+01,2.374480E+01,2.399910E+01,5.147459E+01,1.428102E+03,1.689068E+02,4.864601E-02,1.659314E-02,0.000000E+00,0.000000E+00,0.000000E+00,0.000000E+00,0.000000E+00,0.000000E+00,0.000000E+00,0.000000E+00,2.099900E+01,2.371870E+01,2.399964E+01,5.329402E+01,2.332038E+03,4.940687E+02,7.943683E-02,4.841267E-02,0.000000E+00,0.000000E+00,0.000000E+00,0.000000E+00,0.000000E+00,0.000000E+00,0.000000E+00,0.000000E+00,2.099888E+01,2.136133E+01,2.399936E+01,5.932834E+01
09:00:00,3.416128E+03,6.038577E+02,1.163647E-01,5.935013E-02,0.000000E+00,0.000000E+00,0.000000E+00,0.000000E+00,0.000000E+00,0.000000E+00,0.000000E+00,0.000000E+00,2.099894E+01,2.378930E+01,2.399826E+01,5.620929E+01,1.428102E+03,1.838509E+03,4.864601E-02,1.799891E-01,0.000000E+00,0.000000E+00,0.000000E+00,0.000000E+00,0.000000E+00,0.000000E+00,0.000000E+00,0.000000E+00,2.099900E+01,2.371870E+01,2.399784E+01,5.014592E+01,3.318788E+03,1.941028E+03,1.130490E-01,1.900233E-01,0.000000E+00,0.000000E+00,0.000000E+00,0.000000E+00,0.000000E+00,0.000000E+00,0.000000E+00,0.000000E+00,2.099893E+01,2.374480E+01,2.399787E+01,5.218985E+01,1.428102E+03,2.784724E+02,4.864601E-02,2.731978E-02,0.000000E+00,0.000000E+00,0.000000E+00,0.000000E+00,0.000000E+00,0.000000E+00,0.000000E+00,0.000000E+00,2.099900E+01,2.371870E+01,2.399867E+01,5.475588E+01,2.332038E+03,6.879273E+02,7.943683E-02,6.739304E-02,0.000000E+00,0.000000E+00,0.000000E+00,0.000000E+00,0.000000E+00,0.000000E+00,0.000000E+00,0.000000E+00,2.099888E+01,2.136133E+01,2.399798E+01,6.040375E+01
09:15:00,3.416128E+03,9.662998E+02,1.163647E-01,9.481359E-02,0.000000E+00,0.000000E+00,0.000000E+00,0.000000E+00,0.000000E+00,0.000000E+00,0.000000E+00,0.000000E+00,2.099894E+01,2.378930E+01,2.399773E+01,5.733301E+01,1.428102E+03,1.968190E+03,4.864601E-02,1.926965E-01,0.000000E+00,0.000000E+00,0.000000E+00,0.000000E+00,0.000000E+00,0.000000E+00,0.000000E+00,0.000000E+00,2.099900E+01,2.371870E+01,2.399737E+01,5.003362E+01,3.318788E+03,2.041764E+03,1.130490E-01,1.998977E-01,0.000000E+00,0.000000E+00,0.000000E+00,0.000000E+00,0.000000E+00,0.000000E+00,0.000000E+00,0.000000E+00,2.099893E+01,2.374480E+01,2.399738E+01,5.270019E+01,1.428102E+03,4.409265E+02,4.864601E-02,4.321894E-02,0.000000E+00,0.000000E+00,0.000000E+00,0.000000E+00,0.000000E+00,0.000000E+00,0.000000E+00,0.000000E+00,2.099900E+01,2.371870E+01,2.399806E+01,5.623721E+01,2.332038E+03,1.166972E+03,7.943683E-02,1.142929E-01,0.000000E+00,0.000000E+00,0.000000E+00,0.000000E+00,0.000000E+00,0.000000E+00,0.000000E+00,0.000000E+00,2.099888E+01,2.136133E+01,2.399852E+01,6.183733E+01
09:30:00,3.416128E+03,1.220265E+03,1.163647E-01,1.194794E-01,0.000000E+00,0.000000E+00,0.000000E+00,0.000000E+00,0.000000E+00,0.000000E+00,0.000000E+00,0.000000E+00,2.099894E+01,2.378930E+01,2.399592E+01,5.705071E+01,1.428102E+03,2.071396E+03,4.864601E-02,2.028110E-01,0.000000E+00,0.000000E+00,0.000000E+00,0.000000E+00,0.000000E+00,0.000000E+00,0.000000E+00,0.000000E+00,2.099900E+01,2.371870E+01,2.399714E+01,4.976889E+01,3.318788E+03,2.125287E+03,1.130490E-01,2.080895E-01,0.000000E+00,0.000000E+00,0.000000E+00,0.000000E+00,0.000000E+00,0.000000E+00,0.000000E+00,0.000000E+00,2.099893E+01,2.374480E+01,2.399659E+01,5.261022E+01,1.428102E+03,5.698048E+02,4.864601E-02,5.578913E-02,0.000000E+00,0.000000E+00,0.000000E+00,0.000000E+00,0.000000E+00,0.000000E+00,0.000000E+00,0.000000E+00,2.099900E+01,2.371870E+01,2.399639E+01,5.623154E+01,2.332038E+03,1.475851E+03,7.943683E-02,1.445003E-01,0.000000E+00,0.000000E+00,0.000000E+00,0.000000E+00,0.000000E+00,0.000000E+00,0.000000E+00,0.000000E+00,2.099888E+01,2.136133E+01,2.399616E+01,6.173722E+01
09:45:00,3.416128E+03,1.448340E+03,1.163647E-01,1.418235E-01,0.000000E+00,0.000000E+00,0.000000E+00,0.000000E+00,0.000000E+00,0.000000E+00,0.000000E+00,0.000000E+00,2.099894E+01,2.378930E+01,2.399552E+01,5.608395E+01,1.428102E+03,2.150460E+03,4.864601E-02,2.105601E-01,0.000000E+00,0.000000E+00,0.000000E+00,0.000000E+00,0.000000E+00,0.000000E+00,0.000000E+00,0.000000E+00,2.099900E+01,2.371870E+01,2.399728E+01,4.960830E+01,3.318788E+03,2.202602E+03,1.130490E-01,2.156726E-01,0.000000E+00,0.000000E+00,0.000000E+00,0.000000E+00,0.000000E+00,0.000000E+00,0.000000E+00,0.000000E+00,2.099893E+01,2.374480E+01,2.399655E+01,5.236687E+01,1.428102E+03,6.773095E+02,4.864601E-02,6.632036E-02,0.000000E+00,0.000000E+00,0.000000E+00,0.000000E+00,0.000000E+00,0.000000E+00,0.000000E+00,0.000000E+00,2.099900E+01,2.371870E+01,2.399593E+01,5.547163E+01,2.332038E+03,1.697490E+03,7.943683E-02,1.662214E-01,0.000000E+00,0.000000E+00,0.000000E+00,0.000000E+00,0.000000E+00,0.000000E+00,0.000000E+00,0.000000E+00,2.099888E+01,2.136133E+01,2.399471E+01,6.075455E+01
10:00:00,3.416128E+03,1.678678E+03,1.163647E-01,1.643866E-01,0.000000E+00,0.000000E+00,0.000000E+00,0.000000E+00,0.000000E+00,0.000000E+00,0.000000E+00,0.000000E+00,2.099894E+01,2.378930E+01,2.399563E+01,5.507785E+01,1.428102E+03,2.207596E+03,4.864601E-02,2.161563E-01,0.000000E+00,0.000000E+00,0.000000E+00,0.000000E+00,0.000000E+00,0.000000E+00,0.000000E+00,0.000000E+00,2.099900E+01,2.371870E+01,2.399745E+01,4.957067E+01,3.318788E+03,2.285411E+03,1.130490E-01,2.237868E-01,0.000000E+00,0.000000E+00,0.000000E+00,0.000000E+00,0.000000E+00,0.000000E+00,0.000000E+00,0.000000E+00,2.099893E+01,2.374480E+01,2.399670E+01,5.221316E+01,1.428102E+03,7.806384E+02,4.864601E-02,7.644208E-02,0.000000E+00,0.000000E+00,0.000000E+00,0.000000E+00,0.000000E+00,0.000000E+00,0.000000E+00,0.000000E+00,2.099900E+01,2.371870E+01,2.399596E+01,5.461608E+01,2.332038E+03,2.043329E+03,7.943683E-02,2.000992E-01,0.000000E+00,0.000000E+00,0.000000E+00,0.000000E+00,0.000000E+00,0.000000E+00,0.000000E+00,0.000000E+00,2.099888E+01,2.136133E+01,2.399472E+01,5.960747E+01
10:15:00,3.416128E+03,1.783186E+03,1.163647E-01,1.746245E-01,0.000000E+00,0.000000E+00,0.000000E+00,0.000000E+00,0.000000E+00,0.000000E+00,0.000000E+00,0.000000E+00,2.099894E+01,2.378930E+01,2.399658E+01,5.413297E+01,1.428102E+03,2.205079E+03,4.864601E-02,2.159076E-01,0.000000E+00,0.000000E+00,0.000000E+00,0.000000E+00,0.000000E+00,0.000000E+00,0.000000E+00,0.000000E+00,2.099900E+01,2.371870E+01,2.399780E+01,4.959657E+01,3.318788E+03,2.280509E+03,1.130490E-01,2.233076E-01,0.000000E+00,0.000000E+00,0.000000E+00,0.000000E+00,0.000000E+00,0.000000E+00,0.000000E+00,0.000000E+00,2.099893E+01,2.374480E+01,2.399726E+01,5.215518E+01,1.428102E+03,8.291259E+02,4.864601E-02,8.119220E-02,0.000000E+00,0.000000E+00,0.000000E+00,0.000000E+00,0.000000E+00,0.000000E+00,0.000000E+00,0.000000E+00,2.099900E+01,2.371870E+01,2.399676E+01,5.380485E+01,2.332038E+03,2.122697E+03,7.943683E-02,2.078837E-01,0.000000E+00,0.000000E+00,0.000000E+00,0.000000E+00,0.000000E+00,0.000000E+00,0.000000E+00,0.000000E+00,2.099888E+01,2.136133E+01,2.399591E+01,5.842218E+01
10:30:00,3.416128E+03,1.875531E+03,1.163647E-01,1.836601E-01,0.000000E+00,0.000000E+00,0.000000E+00,0.000000E+00,0.000000E+00,0.000000E+00,0.000000E+00,0.000000E+00,2.099894E+01,2.378930E+01,2.399747E+01,5.366271E+01,1.428102E+03,2.183904E+03,4.864601E-02,2.138290E-01,0.000000E+00,0.000000E+00,0.000000E+00,0.000000E+00,0.000000E+00,0.000000E+00,0.000000E+00,0.000000E+00,2.099900E+01,2.371870E+01,2.399814E+01,4.962668E+01,3.318788E+03,2.286990E+03,1.130490E-01,2.239354E-01,0.000000E+00,0.000000E+00,0.000000E+00,0.000000E+00,0.000000E+00,0.000000E+00,0.000000E+00,0.000000E+00,2.099893E+01,2.374480E+01,2.399780E+01,5.213534E+01,1.428102E+03,8.707045E+02,4.864601E-02,8.526112E-02,0.000000E+00,0.000000E+00,0.000000E+00,0.000000E+00,0.000000E+00,0.000000E+00,0.000000E+00,0.000000E+00,2.099900E+01,2.371870E+01,2.399755E+01,5.340464E+01,2.332038E+03,2.193975E+03,7.943683E-02,2.148586E-01,0.000000E+00,0.000000E+00,0.000000E+00,0.000000E+00,0.000000E+00,0.000000E+00,0.000000E+00,0.000000E+00,2.099888E+01,2.136133E+01,2.399707E+01,5.778928E+01
10:45:00,3.416128E+03,1.958789E+03,1.163647E-01,1.918030E-01,0.000000E+00,0.000000E+00,0.000000E+00,0.000000E+00,0.000000E+00,0.000000E+00,0.000000E+00,0.000000E+00,2.099894E+01,2.378930E+01,2.399763E+01,5.327005E+01,1.428102E+03,2.145441E+03,4.864601E-02,2.100583E-01,0.000000E+00,0.000000E+00,0.000000E+00,0.000000E+00,0.000000E+00,0.000000E+00,0.000000E+00,0.000000E+00,2.099900E+01,2.371870E+01,2.399819E+01,4.967440E+01,3.318788E+03,2.301688E+03,1.130490E-01,2.253673E-01,0.000000E+00,0.000000E+00,0.000000E+00,0.000000E+00,0.000000E+00,0.000000E+00,0.000000E+00,0.000000E+00,2.099893E+01,2.374480E+01,2.399783E+01,5.211028E+01,1.428102E+03,9.073342E+02,4.864601E-02,8.884408E-02,0.000000E+00,0.000000E+00,0.000000E+00,0.000000E+00,0.000000E+00,0.000000E+00,0.000000E+00,0.000000E+00,2.099900E+01,2.371870E+01,2.399768E+01,5.307193E+01,2.332038E+03,2.256866E+03,7.943683E-02,2.210036E-01,0.000000E+00,0.000000E+00,0.000000E+00,0.000000E+00,0.000000E+00,0.000000E+00,0.000000E+00,0.000000E+00,2.099888E+01,2.136133E+01,2.399725E+01,5.722399E+01
11:00:00,3.416128E+03,2.036544E+03,1.163647E-01,1.994069E-01,0.000000E+00,0.000000E+00,0.000000E+00,0.000000E+00,0.000000E+00,0.000000E+00,0.000000E+00,0.000000E+00,2.099894E+01,2.378930E+01,2.399769E+01,5.296618E+01,1.428102E+03,2.091346E+03,4.864601E-02,2.047580E-01,0.000000E+00,0.000000E+00,0.000000E+00,0.000000E+00,0.000000E+00,0.000000E+00,0.000000E+00,0.000000E+00,2.099900E+01,2.371870E+01,2.399820E+01,4.974045E+01,3.318788E+03,2.322089E+03,1.130490E-01,2.273585E-01,0.000000E+00,0.000000E+00,0.000000E+00,0.000000E+00,0.000000E+00,0.000000E+00,0.000000E+00,0.000000E+00,2.099893E+01,2.374480E+01,2.399783E+01,5.207871E+01,1.428102E+03,9.408796E+02,4.864601E-02,9.212486E-02,0.000000E+00,0.000000E+00,0.000000E+00,0.000000E+00,0.000000E+00,0.000000E+00,0.000000E+00,0.000000E+00,2.099900E+01,2.371870E+01,2.399772E+01,5.281327E+01,2.332038E+03,2.313898E+03,7.943683E-02,2.265741E-01,0.000000E+00,0.000000E+00,0.000000E+00,0.000000E+00,0.000000E+00,0.000000E+00,0.000000E+00,0.000000E+00,2.099888E+01,2.136133E+01,2.399733E+01,5.677599E+01
11:15:00,3.416128E+03,2.073557E+03,1.163647E-01,2.030250E-01,0.000000E+00,0.000000E+00,0.000000E+00,0.000000E+00,0.000000E+00,0.000000E+00,0.000000E+00,0.000000E+00,2.099894E+01,2.378930E+01,2.399781E+01,5.266612E+01,1.428102E+03,2.007441E+03,4.864601E-02,1.965407E-01,0.000000E+00,0.000000E+00,0.000000E+00,0.000000E+00,0.000000E+00,0.000000E+00,0.000000E+00,0.000000E+00,2.099900E+01,2.371870E+01,2.399829E+01,4.976370E+01,3.318788E+03,2.309784E+03,1.130490E-01,2.261500E-01,0.000000E+00,0.000000E+00,0.000000E+00,0.000000E+00,0.000000E+00,0.000000E+00,0.000000E+00,0.000000E+00,2.099893E+01,2.374480E+01,2.399792E+01,5.198325E+01,1.428102E+03,9.556767E+02,4.864601E-02,9.357127E-02,0.000000E+00,0.000000E+00,0.000000E+00,0.000000E+00,0.000000E+00,0.000000E+00,0.000000E+00,0.000000E+00,2.099900E+01,2.371870E+01,2.399785E+01,5.254535E+01,2.332038E+03,2.306363E+03,7.943683E-02,2.258276E-01,0.000000E+00,0.000000E+00,0.000000E+00,0.000000E+00,0.000000E+00,0.000000E+00,0.000000E+00,0.000000E+00,2.099888E+01,2.136133E+01,2.399751E+01,5.637393E+01
11:30:00,3.416128E+03,2.102203E+03,1.163647E-01,2.058272E-01,0.000000E+00,0.000000E+00,0.000000E+00,0.000000E+00,0.000000E+00,0.000000E+00,0.000000E+00,0.000000E+00,2.099894E+01,2.378930E+01,2.399799E+01,5.222864E+01,1.428102E+03,1.909560E+03,4.864601E-02,1.869563E-01,0.000000E+00,0.000000E+00,0.000000E+00,0.000000E+00,0.000000E+00,0.000000E+00,0.000000E+00,0.000000E+00,2.099900E+01,2.371870E+01,2.399844E+01,4.964332E+01,3.318788E+03,2.294792E+03,1.130490E-01,2.246807E-01,0.000000E+00,0.000000E+00,0.000000E+00,0.000000E+00,0.000000E+00,0.000000E+00,0.000000E+00,0.000000E+00,2.099893E+01,2.374480E+01,2.399806E+01,5.169876E+01,1.428102E+03,9.666313E+02,4.864601E-02,9.464275E-02,0.000000E+00,0.000000E+00,0.000000E+00,0.000000E+00,0.000000E+00,0.000000E+00,0.000000E+00,0.000000E+00,2.099900E+01,2.371870E+01,2.399801E+01,5.212561E+01,2.332038E+03,2.290677E+03,7.943683E-02,2.242881E-01,0.000000E+00,0.000000E+00,0.000000E+00,0.000000E+00,0.000000E+00,0.000000E+00,0.000000E+00,0.000000E+00,2.099888E+01,2.136133E+01,2.399772E+01,5.588585E+01
11:45:00,3.416128E+03,2.122754E+03,1.163647E-01,2.078368E-01,0.000000E+00,0.000000E+00,0.000000E+00,0.000000E+00,0.000000E+00,0.000000E+00,0.000000E+00,0.000000E+00,2.099894E+01,2.378930E+01,2.399811E+01,5.186023E+01,1.428102E+03,1.801191E+03,4.864601E-02,1.763447E-01,0.000000E+00,0.000000E+00,0.000000E+00,0.000000E+00,0.000000E+00,0.000000E+00,0.000000E+00,0.000000E+00,2.099900E+01,2.371870E+01,2.399856E+01,4.962841E+01,3.318788E+03,2.279727E+03,1.130490E-01,2.232038E-01,0.000000E+00,0.000000E+00,0.000000E+00,0.000000E+00,0.000000E+00,0.000000E+00,0.000000E+00,0.000000E+00,2.099893E+01,2.374480E+01,2.399817E+01,5.145270E+01,1.428102E+03,9.740565E+02,4.864601E-02,9.536865E-02,0.000000E+00,0.000000E+00,0.000000E+00,0.000000E+00,0.000000E+00,0.000000E+00,0.000000E+00,0.000000E+00,2.099900E+01,2.371870E+01,2.399814E+01,5.177588E+01,2.332038E+03,2.269184E+03,7.943683E-02,2.221805E-01,0.000000E+00,0.000000E+00,0.000000E+00,0.000000E+00,0.000000E+00,0.000000E+00,0.000000E+00,0.000000E+00,2.099888E+01,2.136133E+01,2.399782E+01,5.544106E+01
12:00:00,3.416128E+03,2.136782E+03,1.163647E-01,2.092077E-01,0.000000E+00,0.000000E+00,0.000000E+00,0.000000E+00,0.000000E+00,0.000000E+00,0.000000E+00,0.000000E+00,2.099894E+01,2.378930E+01,2.399818E+01,5.163384E+01,1.428102E+03,1.686115E+03,4.864601E-02,1.650766E-01,0.000000E+00,0.000000E+00,0.000000E+00,0.000000E+00,0.000000E+00,0.000000E+00,0.000000E+00,0.000000E+00,2.099900E+01,2.371870E+01,2.399860E+01,4.973585E+01,3.318788E+03,2.263050E+03,1.130490E-01,2.215687E-01,0.000000E+00,0.000000E+00,0.000000E+00,0.000000E+00,0.000000E+00,0.000000E+00,0.000000E+00,0.000000E+00,2.099893E+01,2.374480E+01,2.399822E+01,5.132406E+01,1.428102E+03,9.787845E+02,4.864601E-02,9.583042E-02,0.000000E+00,0.000000E+00,0.000000E+00,0.000000E+00,0.000000E+00,0.000000E+00,0.000000E+00,0.000000E+00,2.099900E+01,2.371870E+01,2.399820E+01,5.156967E+01,2.332038E+03,2.243113E+03,7.943683E-02,2.196246E-01,0.000000E+00,0.000000E+00,0.000000E+00,0.000000E+00,0.000000E+00,0.000000E+00,0.000000E+00,0.000000E+00,2.099888E+01,2.136133E+01,2.399789E+01,5.510880E+01
12:15:00,3.416128E+03,2.112268E+03,1.163647E-01,2.068057E-01,0.000000E+00,0.000000E+00,0.000000E+00,0.000000E+00,0.000000E+00,0.000000E+00,0.000000E+00,0.000000E+00,2.099894E+01,2.378930E+01,2.399819E+01,5.149924E+01,1.428102E+03,1.553599E+03,4.864601E-02,1.521016E-01,0.000000E+00,0.000000E+00,0.000000E+00,0.000000E+00,0.000000E+00,0.000000E+00,0.000000E+00,0.000000E+00,2.099900E+01,2.371870E+01,2.399862E+01,4.985538E+01,3.318788E+03,2.213159E+03,1.130490E-01,2.166824E-01,0.000000E+00,0.000000E+00,0.000000E+00,0.000000E+00,0.000000E+00,0.000000E+00,0.000000E+00,0.000000E+00,2.099893E+01,2.374480E+01,2.399823E+01,5.125744E+01,1.428102E+03,9.661181E+02,4.864601E-02,9.458946E-02,0.000000E+00,0.000000E+00,0.000000E+00,0.000000E+00,0.000000E+00,0.000000E+00,0.000000E+00,0.000000E+00,2.099900E+01,2.371870E+01,2.399821E+01,5.145001E+01,2.332038E+03,2.153398E+03,7.943683E-02,2.108386E-01,0.000000E+00,0.000000E+00,0.000000E+00,0.000000E+00,0.000000E+00,0.000000E+00,0.000000E+00,0.000000E+00,2.099888E+01,2.136133E+01,2.399791E+01,5.488205E+01
12:30:00,3.416128E+03,2.080880E+03,1.163647E-01,2.037339E-01,0.000000E+00,0.000000E+00,0.000000E+00,0.000000E+00,0.000000E+00,0.000000E+00,0.000000E+00,0.000000E+00,2.099894E+01,2.378930E+01,2.399773E+01,5.098403E+01,1.428102E+03,1.428954E+03,4.864601E-02,1.398985E-01,0.000000E+00,0.000000E+00,0.000000E+00,0.000000E+00,0.000000E+00,0.000000E+00,0.000000E+00,0.000000E+00,2.099900E+01,2.371870E+01,2.399840E+01,4.953547E+01,3.318788E+03,2.159128E+03,1.130490E-01,2.113937E-01,0.000000E+00,0.000000E+00,0.000000E+00,0.000000E+00,0.000000E+00,0.000000E+00,0.000000E+00,0.000000E+00,2.099893E+01,2.374480E+01,2.399778E+01,5.078605E+01,1.428102E+03,9.500974E+02,4.864601E-02,9.302139E-02,0.000000E+00,0.000000E+00,0.000000E+00,0.000000E+00,0.000000E+00,0.000000E+00,0.000000E+00,0.000000E+00,2.099900E+01,2.371870E+01,2.399780E+01,5.092746E+01,2.332038E+03,2.056124E+03,7.943683E-02,2.013157E-01,0.000000E+00,0.000000E+00,0.000000E+00,0.000000E+00,0.000000E+00,0.000000E+00,0.000000E+00,0.000000E+00,2.099888E+01,2.136133E+01,2.399743E+01,5.436773E+01
12:45:00,3.416128E+03,2.044710E+03,1.163647E-01,2.001936E-01,0.000000E+00,0.000000E+00,0.000000E+00,0.000000E+00,0.000000E+00,0.000000E+00,0.000000E+00,0.000000E+00,2.099894E+01,2.378930E+01,2.399790E+01,5.037428E+01,1.428102E+03,1.316786E+03,4.864601E-02,1.289175E-01,0.000000E+00,0.000000E+00,0.000000E+00,0.000000E+00,0.000000E+00,0.000000E+00,0.000000E+00,0.000000E+00,2.099900E+01,2.371870E+01,2.399835E+01,4.920092E+01,3.318788E+03,2.102704E+03,1.130490E-01,2.058706E-01,0.000000E+00,0.000000E+00,0.000000E+00,0.000000E+00,0.000000E+00,0.000000E+00,0.000000E+00,0.000000E+00,2.099893E+01,2.374480E+01,2.399796E+01,5.022752E+01,1.428102E+03,9.315484E+02,4.864601E-02,9.120565E-02,0.000000E+00,0.000000E+00,0.000000E+00,0.000000E+00,0.000000E+00,0.000000E+00,0.000000E+00,0.000000E+00,2.099900E+01,2.371870E+01,2.399798E+01,5.031681E+01,2.332038E+03,1.953588E+03,7.943683E-02,1.912776E-01,0.000000E+00,0.000000E+00,0.000000E+00,0.000000E+00,0.000000E+00,0.000000E+00,0.000000E+00,0.000000E+00,2.099888E+01,2.136133E+01,2.399756E+01,5.370135E+01
13:00:00,3.416128E+03,2.004866E+03,1.163647E-01,1.962924E-01,0.000000E+00,0.000000E+00,0.000000E+00,0.000000E+00,0.000000E+00,0.000000E+00,0.000000E+00,0.000000E+00,2.099894E+01,2.378930E+01,2.399821E+01,4.993811E+01,1.428102E+03,1.221472E+03,4.864601E-02,1.195861E-01,0.000000E+00,0.000000E+00,0.000000E+00,0.000000E+00,0.000000E+00,0.000000E+00,0.000000E+00,0.000000E+00,2.099900E+01,2.371870E+01,2.399860E+01,4.903425E+01,3.318788E+03,2.044432E+03,1.130490E-01,2.001653E-01,0.000000E+00,0.000000E+00,0.000000E+00,0.000000E+00,0.000000E+00,0.000000E+00,0.000000E+00,0.000000E+00,2.099893E+01,2.374480E+01,2.399826E+01,4.983587E+01,1.428102E+03,9.131165E+02,4.864601E-02,8.940085E-02,0.000000E+00,0.000000E+00,0.000000E+00,0.000000E+00,0.000000E+00,0.000000E+00,0.000000E+00,0.000000E+00,2.099900E+01,2.371870E+01,2.399829E+01,4.989194E+01,2.332038E+03,1.846997E+03,7.943683E-02,1.808419E-01,0.000000E+00,0.000000E+00,0.000000E+00,0.000000E+00,0.000000E+00,0.000000E+00,0.000000E+00,0.000000E+00,2.099888E+01,2.136133E+01,2.399777E+01,5.312757E+01
13:15:00,3.416128E+03,2.089145E+03,1.163647E-01,2.045424E-01,0.000000E+00,0.000000E+00,0.000000E+00,0.000000E+00,0.000000E+00,0.000000E+00,0.000000E+00,0.000000E+00,2.099894E+01,2.378930E+01,2.399845E+01,4.969789E+01,1.428102E+03,1.201656E+03,4.864601E-02,1.176456E-01,0.000000E+00,0.000000E+00,0.000000E+00,0.000000E+00,0.000000E+00,0.000000E+00,0.000000E+00,0.000000E+00,2.099900E+01,2.371870E+01,2.399877E+01,4.901701E+01,3.318788E+03,2.111998E+03,1.130490E-01,2.067789E-01,0.000000E+00,0.000000E+00,0.000000E+00,0.000000E+00,0.000000E+00,0.000000E+00,0.000000E+00,0.000000E+00,2.099893E+01,2.374480E+01,2.399849E+01,4.963249E+01,1.428102E+03,9.571998E+02,4.864601E-02,9.371607E-02,0.000000E+00,0.000000E+00,0.000000E+00,0.000000E+00,0.000000E+00,0.000000E+00,0.000000E+00,0.000000E+00,2.099900E+01,2.371870E+01,2.399851E+01,4.966408E+01,2.332038E+03,1.965013E+03,7.943683E-02,1.923964E-01,0.000000E+00,0.000000E+00,0.000000E+00,0.000000E+00,0.000000E+00,0.000000E+00,0.000000E+00,0.000000E+00,2.099888E+01,2.136133E+01,2.399796E+01,5.269879E+01
13:30:00,3.416128E+03,2.179990E+03,1.163647E-01,2.134330E-01,0.000000E+00,0.000000E+00,0.000000E+00,0.000000E+00,0.000000E+00,0.000000E+00,0.000000E+00,0.000000E+00,2.099894E+01,2.378930E+01,2.399844E+01,5.006133E+01,1.428102E+03,1.195706E+03,4.864601E-02,1.170621E-01,0.000000E+00,0.000000E+00,0.000000E+00,0.000000E+00,0.000000E+00,0.000000E+00,0.000000E+00,0.000000E+00,2.099900E+01,2.371870E+01,2.399874E+01,4.955091E+01,3.318788E+03,2.187241E+03,1.130490E-01,2.141419E-01,0.000000E+00,0.000000E+00,0.000000E+00,0.000000E+00,0.000000E+00,0.000000E+00,0.000000E+00,0.000000E+00,2.099893E+01,2.374480E+01,2.399848E+01,5.002559E+01,1.428102E+03,1.014217E+03,4.864601E-02,9.929679E-02,0.000000E+00,0.000000E+00,0.000000E+00,0.000000E+00,0.000000E+00,0.000000E+00,0.000000E+00,0.000000E+00,2.099900E+01,2.371870E+01,2.399847E+01,5.003710E+01,2.332038E+03,2.092685E+03,7.943683E-02,2.048957E-01,0.000000E+00,0.000000E+00,0.000000E+00,0.000000E+00,0.000000E+00,0.000000E+00,0.000000E+00,0.000000E+00,2.099888E+01,2.136133E+01,2.399770E+01,5.283439E+01
13:45:00,3.416128E+03,2.275242E+03,1.163647E-01,2.227572E-01,0.000000E+00,0.000000E+00,0.000000E+00,0.000000E+00,0.000000E+00,0.000000E+00,0.000000E+00,0.000000E+00,2.099894E+01,2.378930E+01,2.399821E+01,5.055113E+01,1.428102E+03,1.200130E+03,4.864601E-02,1.174950E-01,0.000000E+00,0.000000E+00,0.000000E+00,0.000000E+00,0.000000E+00,0.000000E+00,0.000000E+00,0.000000E+00,2.099900E+01,2.371870E+01,2.399842E+01,5.013475E+01,3.318788E+03,2.266766E+03,1.130490E-01,2.219264E-01,0.000000E+00,0.000000E+00,0.000000E+00,0.000000E+00,0.000000E+00,0.000000E+00,0.000000E+00,0.000000E+00,2.099893E+01,2.374480E+01,2.399824E+01,5.054038E+01,1.428102E+03,1.086357E+03,4.864601E-02,1.063593E-01,0.000000E+00,0.000000E+00,0.000000E+00,0.000000E+00,0.000000E+00,0.000000E+00,0.000000E+00,0.000000E+00,2.099900E+01,2.371870E+01,2.399819E+01,5.048788E+01,2.332038E+03,2.226551E+03,7.943683E-02,2.180027E-01,0.000000E+00,0.000000E+00,0.000000E+00,0.000000E+00,0.000000E+00,0.000000E+00,0.000000E+00,0.000000E+00,2.099888E+01,2.136133E+01,2.399759E+01,5.320222E+01
14:00:00,3.416128E+03,2.374013E+03,1.163647E-01,2.324294E-01,0.000000E+00,0.000000E+00,0.000000E+00,0.000000E+00,0.000000E+00,0.000000E+00,0.000000E+00,0.000000E+00,2.099894E+01,2.378930E+01,2.399787E+01,5.085955E+01,1.428102E+03,1.210751E+03,4.864601E-02,1.185364E-01,0.000000E+00,0.000000E+00,0.000000E+00,0.000000E+00,0.000000E+00,0.000000E+00,0.000000E+00,0.000000E+00,2.099900E+01,2.371870E+01,2.399803E+01,5.049188E+01,3.318788E+03,2.348680E+03,1.130490E-01,2.299484E-01,0.000000E+00,0.000000E+00,0.000000E+00,0.000000E+00,0.000000E+00,0.000000E+00,0.000000E+00,0.000000E+00,2.099893E+01,2.374480E+01,2.399790E+01,5.087385E+01,1.428102E+03,1.174023E+03,4.864601E-02,1.149439E-01,0.000000E+00,0.000000E+00,0.000000E+00,0.000000E+00,0.000000E+00,0.000000E+00,0.000000E+00,0.000000E+00,2.099900E+01,2.371870E+01,2.399777E+01,5.069259E+01,2.332038E+03,2.364707E+03,7.943683E-02,2.315318E-01,0.000000E+00,0.000000E+00,0.000000E+00,0.000000E+00,0.000000E+00,0.000000E+00,0.000000E+00,0.000000E+00,2.099888E+01,2.136133E+01,2.399740E+01,5.352678E+01
14:15:00,3.416128E+03,2.427066E+03,1.163647E-01,2.376287E-01,0.000000E+00,0.000000E+00,0.000000E+00,0.000000E+00,0.000000E+00,0.000000E+00,0.000000E+00,0.000000E+00,2.099894E+01,2.378930E+01,2.399761E+01,5.096166E+01,1.428102E+03,1.204348E+03,4.864601E-02,1.179126E-01,0.000000E+00,0.000000E+00,0.000000E+00,0.000000E+00,0.000000E+00,0.000000E+00,0.000000E+00,0.000000E+00,2.099900E+01,2.371870E+01,2.399776E+01,5.063933E+01,3.318788E+03,2.382927E+03,1.130490E-01,2.333064E-01,0.000000E+00,0.000000E+00,0.000000E+00,0.000000E+00,0.000000E+00,0.000000E+00,0.000000E+00,0.000000E+00,2.099893E+01,2.374480E+01,2.399764E+01,5.100373E+01,1.428102E+03,1.253777E+03,4.864601E-02,1.227556E-01,0.000000E+00,0.000000E+00,0.000000E+00,0.000000E+00,0.000000E+00,0.000000E+00,0.000000E+00,0.000000E+00,2.099900E+01,2.371870E+01,2.399745E+01,5.064379E+01,2.332038E+03,2.417870E+03,7.943683E-02,2.367415E-01,0.000000E+00,0.000000E+00,0.000000E+00,0.000000E+00,0.000000E+00,0.000000E+00,0.000000E+00,0.000000E+00,2.099888E+01,2.136133E+01,2.399722E+01,5.372160E+01
14:30:00,3.416128E+03,2.480136E+03,1.163647E-01,2.428308E-01,0.000000E+00,0.000000E+00,0.000000E+00,0.000000E+00,0.000000E+00,0.000000E+00,0.000000E+00,0.000000E+00,2.099894E+01,2.378930E+01,2.399743E+01,5.119132E+01,1.428102E+03,1.200733E+03,4.864601E-02,1.175620E-01,0.000000E+00,0.000000E+00,0.000000E+00,0.000000E+00,0.000000E+00,0.000000E+00,0.000000E+00,0.000000E+00,2.099900E+01,2.371870E+01,2.399760E+01,5.093372E+01,3.318788E+03,2.415459E+03,1.130490E-01,2.364975E-01,0.000000E+00,0.000000E+00,0.000000E+00,0.000000E+00,0.000000E+00,0.000000E+00,0.000000E+00,0.000000E+00,2.099893E+01,2.374480E+01,2.399746E+01,5.126524E+01,1.428102E+03,1.344666E+03,4.864601E-02,1.316586E-01,0.000000E+00,0.000000E+00,0.000000E+00,0.000000E+00,0.000000E+00,0.000000E+00,0.000000E+00,0.000000E+00,2.099900E+01,2.371870E+01,2.399723E+01,5.069811E+01,2.332038E+03,2.471510E+03,7.943683E-02,2.419979E-01,0.000000E+00,0.000000E+00,0.000000E+00,0.000000E+00,0.000000E+00,0.000000E+00,0.000000E+00,0.000000E+00,2.099888E+01,2.136133E+01,2.399700E+01,5.406286E+01
14:45:00,3.416128E+03,2.532362E+03,1.163647E-01,2.479504E-01,0.000000E+00,0.000000E+00,0.000000E+00,0.000000E+00,0.000000E+00,0.000000E+00,0.000000E+00,0.000000E+00,2.099894E+01,2.378930E+01,2.399722E+01,5.141212E+01,1.428102E+03,1.199247E+03,4.864601E-02,1.174195E-01,0.000000E+00,0.000000E+00,0.000000E+00,0.000000E+00,0.000000E+00,0.000000E+00,0.000000E+00,0.000000E+00,2.099900E+01,2.371870E+01,2.399740E+01,5.122490E+01,3.318788E+03,2.445881E+03,1.130490E-01,2.394820E-01,0.000000E+00,0.000000E+00,0.000000E+00,0.000000E+00,0.000000E+00,0.000000E+00,0.000000E+00,0.000000E+00,2.099893E+01,2.374480E+01,2.399726E+01,5.152259E+01,1.428102E+03,1.444498E+03,4.864601E-02,1.414374E-01,0.000000E+00,0.000000E+00,0.000000E+00,0.000000E+00,0.000000E+00,0.000000E+00,0.000000E+00,0.000000E+00,2.099900E+01,2.371870E+01,2.399699E+01,5.071643E+01,2.332038E+03,2.525348E+03,7.943683E-02,2.472743E-01,0.000000E+00,0.000000E+00,0.000000E+00,0.000000E+00,0.000000E+00,0.000000E+00,0.000000E+00,0.000000E+00,2.099888E+01,2.136133E+01,2.399679E+01,5.441324E+01
15:00:00,3.416128E+03,2.583742E+03,1.163647E-01,2.529865E-01,0.000000E+00,0.000000E+00,0.000000E+00,0.000000E+00,0.000000E+00,0.000000E+00,0.000000E+00,0.000000E+00,2.099894E+01,2.378930E+01,2.399702E+01,5.152579E+01,1.428102E+03,1.198106E+03,4.864601E-02,1.173103E-01,0.000000E+00,0.000000E+00,0.000000E+00,0.000000E+00,0.000000E+00,0.000000E+00,0.000000E+00,0.000000E+00,2.099900E+01,2.371870E+01,2.399720E+01,5.140740E+01,3.318788E+03,2.471300E+03,1.130490E-01,2.419759E-01,0.000000E+00,0.000000E+00,0.000000E+00,0.000000E+00,0.000000E+00,0.000000E+00,0.000000E+00,0.000000E+00,2.099893E+01,2.374480E+01,2.399706E+01,5.167636E+01,1.428102E+03,1.562858E+03,4.864601E-02,1.530304E-01,0.000000E+00,0.000000E+00,0.000000E+00,0.000000E+00,0.000000E+00,0.000000E+00,0.000000E+00,0.000000E+00,2.099900E+01,2.371870E+01,2.399676E+01,5.061637E+01,2.332038E+03,2.579219E+03,7.943683E-02,2.525543E-01,0.000000E+00,0.000000E+00,0.000000E+00,0.000000E+00,0.000000E+00,0.000000E+00,0.000000E+00,0.000000E+00,2.099888E+01,2.136133E+01,2.399658E+01,5.466164E+01
15:15:00,3.416128E+03,2.598973E+03,1.163647E-01,2.544824E-01,0.000000E+00,0.000000E+00,0.000000E+00,0.000000E+00,0.000000E+00,0.000000E+00,0.000000E+00,0.000000E+00,2.099894E+01,2.378930E+01,2.399688E+01,5.153995E+01,1.428102E+03,1.181829E+03,4.864601E-02,1.157184E-01,0.000000E+00,0.000000E+00,0.000000E+00,0.000000E+00,0.000000E+00,0.000000E+00,0.000000E+00,0.000000E+00,2.099900E+01,2.371870E+01,2.399708E+01,5.149581E+01,3.318788E+03,2.458754E+03,1.130490E-01,2.407515E-01,0.000000E+00,0.000000E+00,0.000000E+00,0.000000E+00,0.000000E+00,0.000000E+00,0.000000E+00,0.000000E+00,2.099893E+01,2.374480E+01,2.399694E+01,5.173856E+01,1.428102E+03,1.679115E+03,4.864601E-02,1.644152E-01,0.000000E+00,0.000000E+00,0.000000E+00,0.000000E+00,0.000000E+00,0.000000E+00,0.000000E+00,0.000000E+00,2.099900E+01,2.371870E+01,2.399707E+01,5.039726E+01,2.332038E+03,2.572324E+03,7.943683E-02,2.518842E-01,0.000000E+00,0.000000E+00,0.000000E+00,0.000000E+00,0.000000E+00,0.000000E+00,0.000000E+00,0.000000E+00,2.099888E+01,2.136133E+01,2.399641E+01,5.479246E+01
15:30:00,3.416128E+03,2.608280E+03,1.163647E-01,2.553971E-01,0.000000E+00,0.000000E+00,0.000000E+00,0.000000E+00,0.000000E+00,0.000000E+00,0.000000E+00,0.000000E+00,2.099894E+01,2.378930E+01,2.399690E+01,5.154656E+01,1.428102E+03,1.163976E+03,4.864601E-02,1.139718E-01,0.000000E+00,0.000000E+00,0.000000E+00,0.000000E+00,0.000000E+00,0.000000E+00,0.000000E+00,0.000000E+00,2.099900E+01,2.371870E+01,2.399710E+01,5.157945E+01,3.318788E+03,2.439062E+03,1.130490E-01,2.388263E-01,0.000000E+00,0.000000E+00,0.000000E+00,0.000000E+00,0.000000E+00,0.000000E+00,0.000000E+00,0.000000E+00,2.099893E+01,2.374480E+01,2.399697E+01,5.179909E+01,1.428102E+03,1.803398E+03,4.864601E-02,1.765849E-01,0.000000E+00,0.000000E+00,0.000000E+00,0.000000E+00,0.000000E+00,0.000000E+00,0.000000E+00,0.000000E+00,2.099900E+01,2.371870E+01,2.399715E+01,5.016697E+01,2.332038E+03,2.560906E+03,7.943683E-02,2.507692E-01,0.000000E+00,0.000000E+00,0.000000E+00,0.000000E+00,0.000000E+00,0.000000E+00,0.000000E+00,0.000000E+00,2.099888E+01,2.136133E+01,2.399649E+01,5.492147E+01
15:45:00,3.416128E+03,2.611711E+03,1.163647E-01,2.557353E-01,0.000000E+00,0.000000E+00,0.000000E+00,0.000000E+00,0.000000E+00,0.000000E+00,0.000000E+00,0.000000E+00,2.099894E+01,2.378930E+01,2.399688E+01,5.155122E+01,1.428102E+03,1.144642E+03,4.864601E-02,1.120796E-01,0.000000E+00,0.000000E+00,0.000000E+00,0.000000E+00,0.000000E+00,0.000000E+00,0.000000E+00,0.000000E+00,2.099900E+01,2.371870E+01,2.399707E+01,5.165983E+01,3.318788E+03,2.413045E+03,1.130490E-01,2.362807E-01,0.000000E+00,0.000000E+00,0.000000E+00,0.000000E+00,0.000000E+00,0.000000E+00,0.000000E+00,0.000000E+00,2.099893E+01,2.374480E+01,2.399695E+01,5.185781E+01,1.428102E+03,1.932439E+03,4.864601E-02,1.892193E-01,0.000000E+00,0.000000E+00,0.000000E+00,0.000000E+00,0.000000E+00,0.000000E+00,0.000000E+00,0.000000E+00,2.099900E+01,2.371870E+01,2.399719E+01,4.996339E+01,2.332038E+03,2.545701E+03,7.943683E-02,2.492827E-01,0.000000E+00,0.000000E+00,0.000000E+00,0.000000E+00,0.000000E+00,0.000000E+00,0.000000E+00,0.000000E+00,2.099888E+01,2.136133E+01,2.399642E+01,5.503233E+01
16:00:00,3.416128E+03,2.607871E+03,1.163647E-01,2.553603E-01,0.000000E+00,0.000000E+00,0.000000E+00,0.000000E+00,0.000000E+00,0.000000E+00,0.000000E+00,0.000000E+00,2.099894E+01,2.378930E+01,2.399686E+01,5.154759E+01,1.428102E+03,1.124899E+03,4.864601E-02,1.101469E-01,0.000000E+00,0.000000E+00,0.000000E+00,0.000000E+00,0.000000E+00,0.000000E+00,0.000000E+00,0.000000E+00,2.099900E+01,2.371870E+01,2.399705E+01,5.172802E+01,3.318788E+03,2.383614E+03,1.130490E-01,2.333997E-01,0.000000E+00,0.000000E+00,0.000000E+00,0.000000E+00,0.000000E+00,0.000000E+00,0.000000E+00,0.000000E+00,2.099893E+01,2.374480E+01,2.399692E+01,5.190502E+01,1.428102E+03,2.051221E+03,4.864601E-02,2.008479E-01,0.000000E+00,0.000000E+00,0.000000E+00,0.000000E+00,0.000000E+00,0.000000E+00,0.000000E+00,0.000000E+00,2.099900E+01,2.371870E+01,2.399723E+01,4.979398E+01,2.332038E+03,2.527272E+03,7.943683E-02,2.474796E-01,0.000000E+00,0.000000E+00,0.000000E+00,0.000000E+00,0.000000E+00,0.000000E+00,0.000000E+00,0.000000E+00,2.099888E+01,2.136133E+01,2.399634E+01,5.510311E+01
16:15:00,3.416128E+03,2.576620E+03,1.163647E-01,2.523003E-01,0.000000E+00,0.000000E+00,0.000000E+00,0.000000E+00,0.000000E+00,0.000000E+00,0.000000E+00,0.000000E+00,2.099894E+01,2.378930E+01,2.399685E+01,5.153830E+01,1.428102E+03,1.095644E+03,4.864601E-02,1.072824E-01,0.000000E+00,0.000000E+00,0.000000E+00,0.000000E+00,0.000000E+00,0.000000E+00,0.000000E+00,0.000000E+00,2.099900E+01,2.371870E+01,2.399703E+01,5.178494E+01,3.318788E+03,2.330258E+03,1.130490E-01,2.281753E-01,0.000000E+00,0.000000E+00,0.000000E+00,0.000000E+00,0.000000E+00,0.000000E+00,0.000000E+00,0.000000E+00,2.099893E+01,2.374480E+01,2.399691E+01,5.194178E+01,1.428102E+03,2.149973E+03,4.864601E-02,2.105163E-01,0.000000E+00,0.000000E+00,0.000000E+00,0.000000E+00,0.000000E+00,0.000000E+00,0.000000E+00,0.000000E+00,2.099900E+01,2.371870E+01,2.399727E+01,4.965515E+01,2.332038E+03,2.469145E+03,7.943683E-02,2.417883E-01,0.000000E+00,0.000000E+00,0.000000E+00,0.000000E+00,0.000000E+00,0.000000E+00,0.000000E+00,0.000000E+00,2.099888E+01,2.136133E+01,2.399629E+01,5.513393E+01
16:30:00,3.416128E+03,2.534057E+03,1.163647E-01,2.481319E-01,0.000000E+00,0.000000E+00,0.000000E+00,0.000000E+00,0.000000E+00,0.000000E+00,0.000000E+00,0.000000E+00,2.099894E+01,2.378930E+01,2.399702E+01,5.161392E+01,1.428102E+03,1.063599E+03,4.864601E-02,1.041445E-01,0.000000E+00,0.000000E+00,0.000000E+00,0.000000E+00,0.000000E+00,0.000000E+00,0.000000E+00,0.000000E+00,2.099900E+01,2.371870E+01,2.399719E+01,5.192584E+01,3.318788E+03,2.269023E+03,1.130490E-01,2.221787E-01,0.000000E+00,0.000000E+00,0.000000E+00,0.000000E+00,0.000000E+00,0.000000E+00,0.000000E+00,0.000000E+00,2.099893E+01,2.374480E+01,2.399708E+01,5.206841E+01,1.428102E+03,2.236741E+03,4.864601E-02,2.190111E-01,0.000000E+00,0.000000E+00,0.000000E+00,0.000000E+00,0.000000E+00,0.000000E+00,0.000000E+00,0.000000E+00,2.099900E+01,2.371870E+01,2.399737E+01,4.957618E+01,2.332038E+03,2.407325E+03,7.943683E-02,2.357339E-01,0.000000E+00,0.000000E+00,0.000000E+00,0.000000E+00,0.000000E+00,0.000000E+00,0.000000E+00,0.000000E+00,2.099888E+01,2.136133E+01,2.399663E+01,5.531246E+01
16:45:00,3.416128E+03,2.479625E+03,1.163647E-01,2.428011E-01,0.000000E+00,0.000000E+00,0.000000E+00,0.000000E+00,0.000000E+00,0.000000E+00,0.000000E+00,0.000000E+00,2.099894E+01,2.378930E+01,2.399703E+01,5.172019E+01,1.428102E+03,1.029478E+03,4.864601E-02,1.008032E-01,0.000000E+00,0.000000E+00,0.000000E+00,0.000000E+00,0.000000E+00,0.000000E+00,0.000000E+00,0.000000E+00,2.099900E+01,2.371870E+01,2.399719E+01,5.209549E+01,3.318788E+03,2.201961E+03,1.130490E-01,2.156113E-01,0.000000E+00,0.000000E+00,0.000000E+00,0.000000E+00,0.000000E+00,0.000000E+00,0.000000E+00,0.000000E+00,2.099893E+01,2.374480E+01,2.399709E+01,5.222819E+01,1.428102E+03,2.308586E+03,4.864601E-02,2.260446E-01,0.000000E+00,0.000000E+00,0.000000E+00,0.000000E+00,0.000000E+00,0.000000E+00,0.000000E+00,0.000000E+00,2.099900E+01,2.371870E+01,2.399739E+01,4.951315E+01,2.332038E+03,2.341823E+03,7.943683E-02,2.293186E-01,0.000000E+00,0.000000E+00,0.000000E+00,0.000000E+00,0.000000E+00,0.000000E+00,0.000000E+00,0.000000E+00,2.099888E+01,2.136133E+01,2.399660E+01,5.554256E+01
17:00:00,3.416128E+03,2.412437E+03,1.163647E-01,2.362212E-01,0.000000E+00,0.000000E+00,0.000000E+00,0.000000E+00,0.000000E+00,0.000000E+00,0.000000E+00,0.000000E+00,2.099894E+01,2.378930E+01,2.399701E+01,5.181597E+01,1.428102E+03,9.932947E+02,4.864601E-02,9.725995E-02,0.000000E+00,0.000000E+00,0.000000E+00,0.000000E+00,0.000000E+00,0.000000E+00,0.000000E+00,0.000000E+00,2.099900E+01,2.371870E+01,2.399715E+01,5.224601E+01,3.318788E+03,2.129349E+03,1.130490E-01,2.085006E-01,0.000000E+00,0.000000E+00,0.000000E+00,0.000000E+00,0.000000E+00,0.000000E+00,0.000000E+00,0.000000E+00,2.099893E+01,2.374480E+01,2.399705E+01,5.236989E+01,1.428102E+03,2.362607E+03,4.864601E-02,2.313331E-01,0.000000E+00,0.000000E+00,0.000000E+00,0.000000E+00,0.000000E+00,0.000000E+00,0.000000E+00,0.000000E+00,2.099900E+01,2.371870E+01,2.399740E+01,4.945271E+01,2.332038E+03,2.272641E+03,7.943683E-02,2.225432E-01,0.000000E+00,0.000000E+00,0.000000E+00,0.000000E+00,0.000000E+00,0.000000E+00,0.000000E+00,0.000000E+00,2.099888E+01,2.136133E+01,2.399650E+01,5.573551E+01
17:15:00,3.416128E+03,2.371966E+03,1.163647E-01,2.322575E-01,0.000000E+00,0.000000E+00,0.000000E+00,0.000000E+00,0.000000E+00,0.000000E+00,0.000000E+00,0.000000E+00,2.099894E+01,2.378930E+01,2.399699E+01,5.189961E+01,1.428102E+03,9.720771E+02,4.864601E-02,9.518218E-02,0.000000E+00,0.000000E+00,0.000000E+00,0.000000E+00,0.000000E+00,0.000000E+00,0.000000E+00,0.000000E+00,2.099900E+01,2.371870E+01,2.399712E+01,5.237079E+01,3.318788E+03,2.090705E+03,1.130490E-01,2.047162E-01,0.000000E+00,0.000000E+00,0.000000E+00,0.000000E+00,0.000000E+00,0.000000E+00,0.000000E+00,0.000000E+00,2.099893E+01,2.374480E+01,2.399701E+01,5.248477E+01,1.428102E+03,2.413826E+03,4.864601E-02,2.363472E-01,0.000000E+00,0.000000E+00,0.000000E+00,0.000000E+00,0.000000E+00,0.000000E+00,0.000000E+00,0.000000E+00,2.099900E+01,2.371870E+01,2.399743E+01,4.940399E+01,2.332038E+03,2.273099E+03,7.943683E-02,2.225872E-01,0.000000E+00,0.000000E+00,0.000000E+00,0.000000E+00,0.000000E+00,0.000000E+00,0.000000E+00,0.000000E+00,2.099888E+01,2.136133E+01,2.399642E+01,5.586764E+01
17:30:00,3.416128E+03,2.321636E+03,1.163647E-01,2.273294E-01,0.000000E+00,0.000000E+00,0.000000E+00,0.000000E+00,0.000000E+00,0.000000E+00,0.000000E+00,0.000000E+00,2.099894E+01,2.378930E+01,2.399701E+01,5.198732E+01,1.428102E+03,9.503998E+02,4.864601E-02,9.305980E-02,0.000000E+00,0.000000E+00,0.000000E+00,0.000000E+00,0.000000E+00,0.000000E+00,0.000000E+00,0.000000E+00,2.099900E+01,2.371870E+01,2.399711E+01,5.248473E+01,3.318788E+03,2.050340E+03,1.130490E-01,2.007642E-01,0.000000E+00,0.000000E+00,0.000000E+00,0.000000E+00,0.000000E+00,0.000000E+00,0.000000E+00,0.000000E+00,2.099893E+01,2.374480E+01,2.399700E+01,5.258745E+01,1.428102E+03,2.440435E+03,4.864601E-02,2.389521E-01,0.000000E+00,0.000000E+00,0.000000E+00,0.000000E+00,0.000000E+00,0.000000E+00,0.000000E+00,0.000000E+00,2.099900E+01,2.371870E+01,2.399746E+01,4.937645E+01,2.332038E+03,2.271179E+03,7.943683E-02,2.224008E-01,0.000000E+00,0.000000E+00,0.000000E+00,0.000000E+00,0.000000E+00,0.000000E+00,0.000000E+00,0.000000E+00,2.099888E+01,2.136133E+01,2.399637E+01,5.595201E+01
17:45:00,3.416128E+03,2.261114E+03,1.163647E-01,2.214032E-01,0.000000E+00,0.000000E+00,0.000000E+00,0.000000E+00,0.000000E+00,0.000000E+00,0.000000E+00,0.000000E+00,2.099894E+01,2.378930E+01,2.399704E+01,5.209256E+01,1.428102E+03,9.270474E+02,4.864601E-02,9.077339E-02,0.000000E+00,0.000000E+00,0.000000E+00,0.000000E+00,0.000000E+00,0.000000E+00,0.000000E+00,0.000000E+00,2.099900E+01,2.371870E+01,2.399712E+01,5.260290E+01,3.318788E+03,2.005500E+03,1.130490E-01,1.963739E-01,0.000000E+00,0.000000E+00,0.000000E+00,0.000000E+00,0.000000E+00,0.000000E+00,0.000000E+00,0.000000E+00,2.099893E+01,2.374480E+01,2.399701E+01,5.269357E+01,1.428102E+03,2.439240E+03,4.864601E-02,2.388345E-01,0.000000E+00,0.000000E+00,0.000000E+00,0.000000E+00,0.000000E+00,0.000000E+00,0.000000E+00,0.000000E+00,2.099900E+01,2.371870E+01,2.399751E+01,4.937393E+01,2.332038E+03,2.266607E+03,7.943683E-02,2.219544E-01,0.000000E+00,0.000000E+00,0.000000E+00,0.000000E+00,0.000000E+00,0.000000E+00,0.000000E+00,0.000000E+00,2.099888E+01,2.136133E+01,2.399634E+01,5.600947E+01
18:00:00,3.416128E+03,2.192247E+03,1.163647E-01,2.146596E-01,0.000000E+00,0.000000E+00,0.000000E+00,0.000000E+00,0.000000E+00,0.000000E+00,0.000000E+00,0.000000E+00,2.099894E+01,2.378930E+01,2.399707E+01,5.222158E+01,1.428102E+03,9.014905E+02,4.864601E-02,8.827097E-02,0.000000E+00,0.000000E+00,0.000000E+00,0.000000E+00,0.000000E+00,0.000000E+00,0.000000E+00,0.000000E+00,2.099900E+01,2.371870E+01,2.399713E+01,5.273468E+01,3.318788E+03,1.955062E+03,1.130490E-01,1.914352E-01,0.000000E+00,0.000000E+00,0.000000E+00,0.000000E+00,0.000000E+00,0.000000E+00,0.000000E+00,0.000000E+00,2.099893E+01,2.374480E+01,2.399703E+01,5.281311E+01,1.428102E+03,2.405697E+03,4.864601E-02,2.355492E-01,0.000000E+00,0.000000E+00,0.000000E+00,0.000000E+00,0.000000E+00,0.000000E+00,0.000000E+00,0.000000E+00,2.099900E+01,2.371870E+01,2.399756E+01,4.939887E+01,2.332038E+03,2.258932E+03,7.943683E-02,2.212039E-01,0.000000E+00,0.000000E+00,0.000000E+00,0.000000E+00,0.000000E+00,0.000000E+00,0.000000E+00,0.000000E+00,2.099888E+01,2.136133E+01,2.399632E+01,5.605610E+01
18:15:00,3.416128E+03,1.982312E+03,1.163647E-01,1.941028E-01,0.000000E+00,0.000000E+00,0.000000E+00,0.000000E+00,0.000000E+00,0.000000E+00,0.000000E+00,0.000000E+00,2.099894E+01,2.378930E+01,2.399710E+01,5.237346E+01,1.428102E+03,8.133597E+02,4.864601E-02,7.964144E-02,0.000000E+00,0.000000E+00,0.000000E+00,0.000000E+00,0.000000E+00,0.000000E+00,0.000000E+00,0.000000E+00,2.099900E+01,2.371870E+01,2.399716E+01,5.288543E+01,3.318788E+03,1.764296E+03,1.130490E-01,1.727557E-01,0.000000E+00,0.000000E+00,0.000000E+00,0.000000E+00,0.000000E+00,0.000000E+00,0.000000E+00,0.000000E+00,2.099893E+01,2.374480E+01,2.399706E+01,5.295183E+01,1.428102E+03,2.272380E+03,4.864601E-02,2.224947E-01,0.000000E+00,0.000000E+00,0.000000E+00,0.000000E+00,0.000000E+00,0.000000E+00,0.000000E+00,0.000000E+00,2.099900E+01,2.371870E+01,2.399762E+01,4.945626E+01,2.332038E+03,2.009708E+03,7.943683E-02,1.967993E-01,0.000000E+00,0.000000E+00,0.000000E+00,0.000000E+00,0.000000E+00,0.000000E+00,0.000000E+00,0.000000E+00,2.099888E+01,2.136133E+01,2.399632E+01,5.610158E+01
18:30:00,3.416128E+03,1.751562E+03,1.163647E-01,1.715057E-01,0.000000E+00,0.000000E+00,0.000000E+00,0.000000E+00,0.000000E+00,0.000000E+00,0.000000E+00,0.000000E+00,2.099894E+01,2.378930E+01,2.399782E+01,5.217048E+01,1.428102E+03,7.156718E+02,4.864601E-02,7.007510E-02,0.000000E+00,0.000000E+00,0.000000E+00,0.000000E+00,0.000000E+00,0.000000E+00,0.000000E+00,0.000000E+00,2.099900E+01,2.371870E+01,2.399793E+01,5.269049E+01,3.318788E+03,1.552489E+03,1.130490E-01,1.520136E-01,0.000000E+00,0.000000E+00,0.000000E+00,0.000000E+00,0.000000E+00,0.000000E+00,0.000000E+00,0.000000E+00,2.099893E+01,2.374480E+01,2.399787E+01,5.276967E+01,1.428102E+03,2.085779E+03,4.864601E-02,2.042222E-01,0.000000E+00,0.000000E+00,0.000000E+00,0.000000E+00,0.000000E+00,0.000000E+00,0.000000E+00,0.000000E+00,2.099900E+01,2.371870E+01,2.399790E+01,4.911267E+01,2.332038E+03,1.741054E+03,7.943683E-02,1.704875E-01,0.000000E+00,0.000000E+00,0.000000E+00,0.000000E+00,0.000000E+00,0.000000E+00,0.000000E+00,0.000000E+00,2.099888E+01,2.136133E+01,2.399780E+01,5.601471E+01
18:45:00,3.416128E+03,1.502669E+03,1.163647E-01,1.471315E-01,0.000000E+00,0.000000E+00,0.000000E+00,0.000000E+00,0.000000E+00,0.000000E+00,0.000000E+00,0.000000E+00,2.099894E+01,2.378930E+01,2.399816E+01,5.192358E+01,1.428102E+03,6.097680E+02,4.864601E-02,5.970405E-02,0.000000E+00,0.000000E+00,0.000000E+00,0.000000E+00,0.000000E+00,0.000000E+00,0.000000E+00,0.000000E+00,2.099900E+01,2.371870E+01,2.399825E+01,5.245996E+01,3.318788E+03,1.322416E+03,1.130490E-01,1.294825E-01,0.000000E+00,0.000000E+00,0.000000E+00,0.000000E+00,0.000000E+00,0.000000E+00,0.000000E+00,0.000000E+00,2.099893E+01,2.374480E+01,2.399820E+01,5.255159E+01,1.428102E+03,1.835117E+03,4.864601E-02,1.796762E-01,0.000000E+00,0.000000E+00,0.000000E+00,0.000000E+00,0.000000E+00,0.000000E+00,0.000000E+00,0.000000E+00,2.099900E+01,2.371870E+01,2.399838E+01,4.885114E+01,2.332038E+03,1.456748E+03,7.943683E-02,1.426423E-01,0.000000E+00,0.000000E+00,0.000000E+00,0.000000E+00,0.000000E+00,0.000000E+00,0.000000E+00,0.000000E+00,2.099888E+01,2.136133E+01,2.399804E+01,5.592887E+01
19:00:00,3.416128E+03,1.239944E+03,1.163647E-01,1.214027E-01,0.000000E+00,0.000000E+00,0.000000E+00,0.000000E+00,0.000000E+00,0.000000E+00,0.000000E+00,0.000000E+00,2.099894E+01,2.378930E+01,2.399845E+01,5.184639E+01,1.428102E+03,4.980955E+02,4.864601E-02,4.876807E-02,0.000000E+00,0.000000E+00,0.000000E+00,0.000000E+00,0.000000E+00,0.000000E+00,0.000000E+00,0.000000E+00,2.099900E+01,2.371870E+01,2.399852E+01,5.240276E+01,3.318788E+03,1.079295E+03,1.130490E-01,1.056735E-01,0.000000E+00,0.000000E+00,0.000000E+00,0.000000E+00,0.000000E+00,0.000000E+00,0.000000E+00,0.000000E+00,2.099893E+01,2.374480E+01,2.399847E+01,5.249318E+01,1.428102E+03,1.522797E+03,4.864601E-02,1.490929E-01,0.000000E+00,0.000000E+00,0.000000E+00,0.000000E+00,0.000000E+00,0.000000E+00,0.000000E+00,0.000000E+00,2.099900E+01,2.371870E+01,2.399886E+01,4.888323E+01,2.332038E+03,1.159722E+03,7.943683E-02,1.135513E-01,0.000000E+00,0.000000E+00,0.000000E+00,0.000000E+00,0.000000E+00,0.000000E+00,0.000000E+00,0.000000E+00,2.099888E+01,2.136133E+01,2.399818E+01,5.592303E+01
19:15:00,3.416128E+03,1.014531E+03,1.163647E-01,9.932889E-02,0.000000E+00,0.000000E+00,0.000000E+00,0.000000E+00,0.000000E+00,0.000000E+00,0.000000E+00,0.000000E+00,2.099894E+01,2.378930E+01,2.399866E+01,5.196856E+01,1.428102E+03,4.024686E+02,4.864601E-02,3.940385E-02,0.000000E+00,0.000000E+00,0.000000E+00,0.000000E+00,0.000000E+00,0.000000E+00,0.000000E+00,0.000000E+00,2.099900E+01,2.371870E+01,2.399870E+01,5.254606E+01,3.318788E+03,8.732048E+02,1.130490E-01,8.549193E-02,0.000000E+00,0.000000E+00,0.000000E+00,0.000000E+00,0.000000E+00,0.000000E+00,0.000000E+00,0.000000E+00,2.099893E+01,2.374480E+01,2.399866E+01,5.262353E+01,1.428102E+03,1.208306E+03,4.864601E-02,1.182980E-01,0.000000E+00,0.000000E+00,0.000000E+00,0.000000E+00,0.000000E+00,0.000000E+00,0.000000E+00,0.000000E+00,2.099900E+01,2.371870E+01,2.399914E+01,4.917256E+01,2.332038E+03,9.254329E+02,7.943683E-02,9.060710E-02,0.000000E+00,0.000000E+00,0.000000E+00,0.000000E+00,0.000000E+00,0.000000E+00,0.000000E+00,0.000000E+00,2.099888E+01,2.136133E+01,2.399829E+01,5.601109E+01
19:30:00,3.416128E+03,7.943464E+02,1.163647E-01,7.776914E-02,0.000000E+00,0.000000E+00,0.000000E+00,0.000000E+00,0.000000E+00,0.000000E+00,0.000000E+00,0.000000E+00,2.099894E+01,2.378930E+01,2.399924E+01,5.163813E+01,1.428102E+03,3.089734E+02,4.864601E-02,3.024933E-02,0.000000E+00,0.000000E+00,0.000000E+00,0.000000E+00,0.000000E+00,0.000000E+00,0.000000E+00,0.000000E+00,2.099900E+01,2.371870E+01,2.399932E+01,5.223740E+01,3.318788E+03,6.714956E+02,1.130490E-01,6.574156E-02,0.000000E+00,0.000000E+00,0.000000E+00,0.000000E+00,0.000000E+00,0.000000E+00,0.000000E+00,0.000000E+00,2.099893E+01,2.374480E+01,2.399930E+01,5.232636E+01,1.428102E+03,9.189703E+02,4.864601E-02,8.996738E-02,0.000000E+00,0.000000E+00,0.000000E+00,0.000000E+00,0.000000E+00,0.000000E+00,0.000000E+00,0.000000E+00,2.099900E+01,2.371870E+01,2.399937E+01,4.891904E+01,2.332038E+03,6.845689E+02,7.943683E-02,6.702320E-02,0.000000E+00,0.000000E+00,0.000000E+00,0.000000E+00,0.000000E+00,0.000000E+00,0.000000E+00,0.000000E+00,2.099888E+01,2.136133E+01,2.399943E+01,5.579710E+01
19:45:00,3.416128E+03,5.850133E+02,1.163647E-01,5.727303E-02,0.000000E+00,0.000000E+00,0.000000E+00,0.000000E+00,0.000000E+00,0.000000E+00,0.000000E+00,0.000000E+00,2.099894E+01,2.378930E+01,2.399947E+01,5.112121E+01,1.428102E+03,2.196343E+02,4.864601E-02,2.150219E-02,0.000000E+00,0.000000E+00,0.000000E+00,0.000000E+00,0.000000E+00,0.000000E+00,0.000000E+00,0.000000E+00,2.099900E+01,2.371870E+01,2.399954E+01,5.174442E+01,3.318788E+03,4.786928E+02,1.130490E-01,4.686420E-02,0.000000E+00,0.000000E+00,0.000000E+00,0.000000E+00,0.000000E+00,0.000000E+00,0.000000E+00,0.000000E+00,2.099893E+01,2.374480E+01,2.399952E+01,5.185216E+01,1.428102E+03,6.772808E+02,4.864601E-02,6.630379E-02,0.000000E+00,0.000000E+00,0.000000E+00,0.000000E+00,0.000000E+00,0.000000E+00,0.000000E+00,0.000000E+00,2.099900E+01,2.371870E+01,2.399946E+01,4.845695E+01,2.332038E+03,4.396535E+02,7.943683E-02,4.304356E-02,0.000000E+00,0.000000E+00,0.000000E+00,0.000000E+00,0.000000E+00,0.000000E+00,0.000000E+00,0.000000E+00,2.099888E+01,2.136133E+01,2.399964E+01,5.547319E+01
20:00:00,3.416128E+03,3.871739E+02,1.163647E-01,3.790313E-02,0.000000E+00,0.000000E+00,0.000000E+00,0.000000E+00,0.000000E+00,0.000000E+00,0.000000E+00,0.000000E+00,2.099894E+01,2.378930E+01,2.399964E+01,5.066229E+01,1.428102E+03,1.345325E+02,4.864601E-02,1.317026E-02,0.000000E+00,0.000000E+00,0.000000E+00,0.000000E+00,0.000000E+00,0.000000E+00,0.000000E+00,0.000000E+00,2.099900E+01,2.371870E+01,2.399970E+01,5.131107E+01,3.318788E+03,2.950713E+02,1.130490E-01,2.888652E-02,0.000000E+00,0.000000E+00,0.000000E+00,0.000000E+00,0.000000E+00,0.000000E+00,0.000000E+00,0.000000E+00,2.099893E+01,2.374480E+01,2.399969E+01,5.143134E+01,1.428102E+03,4.959491E+02,4.864601E-02,4.855078E-02,0.000000E+00,0.000000E+00,0.000000E+00,0.000000E+00,0.000000E+00,0.000000E+00,0.000000E+00,0.000000E+00,2.099900E+01,2.371870E+01,2.399969E+01,4.807829E+01,2.332038E+03,1.929601E+02,7.943683E-02,1.889046E-02,0.000000E+00,0.000000E+00,0.000000E+00,0.000000E+00,0.000000E+00,0.000000E+00,0.000000E+00,0.000000E+00,2.099888E+01,2.136133E+01,2.399979E+01,5.520255E+01
20:15:00,3.416128E+03,2.478274E+02,1.163647E-01,2.426088E-02,0.000000E+00,0.000000E+00,0.000000E+00,0.000000E+00,0.000000E+00,0.000000E+00,0.000000E+00,0.000000E+00,2.099894E+01,2.378930E+01,2.399977E+01,5.033874E+01,1.428102E+03,8.324539E+01,4.864601E-02,8.149190E-03,0.000000E+00,0.000000E+00,0.000000E+00,0.000000E+00,0.000000E+00,0.000000E+00,0.000000E+00,0.000000E+00,2.099900E+01,2.371870E+01,2.399982E+01,5.101529E+01,3.318788E+03,1.840099E+02,1.130490E-01,1.801343E-02,0.000000E+00,0.000000E+00,0.000000E+00,0.000000E+00,0.000000E+00,0.000000E+00,0.000000E+00,0.000000E+00,2.099893E+01,2.374480E+01,2.399980E+01,5.113921E+01,1.428102E+03,3.693875E+02,4.864601E-02,3.616052E-02,0.000000E+00,0.000000E+00,0.000000E+00,0.000000E+00,0.000000E+00,0.000000E+00,0.000000E+00,0.000000E+00,2.099900E+01,2.371870E+01,2.399984E+01,4.785054E+01,2.332038E+03,1.086947E+02,7.943683E-02,1.064044E-02,0.000000E+00,0.000000E+00,0.000000E+00,0.000000E+00,0.000000E+00,0.000000E+00,0.000000E+00,0.000000E+00,2.099888E+01,2.136133E+01,2.399990E+01,5.503965E+01
20:30:00,3.416128E+03,1.406495E+02,1.163647E-01,1.376860E-02,0.000000E+00,0.000000E+00,0.000000E+00,0.000000E+00,0.000000E+00,0.000000E+00,0.000000E+00,0.000000E+00,2.099894E+01,2.378930E+01,2.395416E+01,5.035423E+01,1.428102E+03,4.543082E+01,4.864601E-02,4.447330E-03,0.000000E+00,0.000000E+00,0.000000E+00,0.000000E+00,0.000000E+00,0.000000E+00,0.000000E+00,0.000000E+00,2.099900E+01,2.371870E+01,2.390918E+01,5.118402E+01,3.318788E+03,1.013885E+02,1.130490E-01,9.925178E-03,0.000000E+00,0.000000E+00,0.000000E+00,0.000000E+00,0.000000E+00,0.000000E+00,0.000000E+00,0.000000E+00,2.099893E+01,2.374480E+01,2.390323E+01,5.132697E+01,1.428102E+03,2.574574E+02,4.864601E-02,2.520301E-02,0.000000E+00,0.000000E+00,0.000000E+00,0.000000E+00,0.000000E+00,0.000000E+00,0.000000E+00,0.000000E+00,2.099900E+01,2.371870E+01,2.399995E+01,4.774675E+01,2.332038E+03,5.188187E+01,7.943683E-02,5.078798E-03,0.000000E+00,0.000000E+00,0.000000E+00,0.000000E+00,0.000000E+00,0.000000E+00,0.000000E+00,0.000000E+00,2.099888E+01,2.136133E+01,2.378528E+01,5.569939E+01
20:45:00,3.416128E+03,5.945336E+01,1.163647E-01,5.820007E-03,0.000000E+00,0.000000E+00,0.000000E+00,0.000000E+00,0.000000E+00,0.000000E+00,0.000000E+00,0.000000E+00,2.099894E+01,2.378930E+01,2.390952E+01,5.047034E+01,1.428102E+03,1.830453E+01,4.864601E-02,1.791856E-03,0.000000E+00,0.000000E+00,0.000000E+00,0.000000E+00,0.000000E+00,0.000000E+00,0.000000E+00,0.000000E+00,2.099900E+01,2.371870E+01,2.383295E+01,5.140320E+01,3.318788E+03,4.134363E+01,1.130490E-01,4.047193E-03,0.000000E+00,0.000000E+00,0.000000E+00,0.000000E+00,0.000000E+00,0.000000E+00,0.000000E+00,0.000000E+00,2.099893E+01,2.374480E+01,2.382163E+01,5.156281E+01,1.428102E+03,1.597214E+02,4.864601E-02,1.563522E-02,0.000000E+00,0.000000E+00,0.000000E+00,0.000000E+00,0.000000E+00,0.000000E+00,0.000000E+00,0.000000E+00,2.099900E+01,2.371870E+01,2.399998E+01,4.770744E+01,2.332038E+03,1.709072E+01,7.943683E-02,1.673020E-03,0.000000E+00,0.000000E+00,0.000000E+00,0.000000E+00,0.000000E+00,0.000000E+00,0.000000E+00,0.000000E+00,2.099888E+01,2.136133E+01,2.360117E+01,5.631516E+01
21:00:00,3.416128E+03,0.000000E+00,1.163647E-01,0.000000E+00,0.000000E+00,0.000000E+00,0.000000E+00,0.000000E+00,0.000000E+00,0.000000E+00,0.000000E+00,0.000000E+00,2.099894E+01,2.378930E+01,2.383658E+01,5.070239E+01,1.428102E+03,0.000000E+00,4.864601E-02,0.000000E+00,0.000000E+00,0.000000E+00,0.000000E+00,0.000000E+00,0.000000E+00,0.000000E+00,0.000000E+00,0.000000E+00,2.099900E+01,2.371870E+01,2.375423E+01,5.165717E+01,3.318788E+03,0.000000E+00,1.130490E-01,0.000000E+00,0.000000E+00,0.000000E+00,0.000000E+00,0.000000E+00,0.000000E+00,0.000000E+00,0.000000E+00,0.000000E+00,2.099893E+01,2.374480E+01,2.373979E+01,5.182687E+01,1.428102E+03,7.535012E+01,4.864601E-02,7.375990E-03,0.000000E+00,0.000000E+00,0.000000E+00,0.000000E+00,0.000000E+00,0.000000E+00,0.000000E+00,0.000000E+00,2.099900E+01,2.371870E+01,2.399999E+01,4.769541E+01,2.332038E+03,0.000000E+00,7.943683E-02,0.000000E+00,0.000000E+00,0.000000E+00,0.000000E+00,0.000000E+00,0.000000E+00,0.000000E+00,0.000000E+00,0.000000E+00,2.099888E+01,2.136133E+01,2.348336E+01,5.672343E+01
21:15:00,3.416128E+03,0.000000E+00,1.163647E-01,0.000000E+00,0.000000E+00,0.000000E+00,0.000000E+00,0.000000E+00,0.000000E+00,0.000000E+00,0.000000E+00,0.000000E+00,2.099894E+01,2.378930E+01,2.373896E+01,5.101112E+01,1.428102E+03,0.000000E+00,4.864601E-02,0.000000E+00,0.000000E+00,0.000000E+00,0.000000E+00,0.000000E+00,0.000000E+00,0.000000E+00,0.000000E+00,0.000000E+00,2.099900E+01,2.371870E+01,2.366361E+01,5.194906E+01,3.318788E+03,0.000000E+00,1.130490E-01,0.000000E+00,0.000000E+00,0.000000E+00,0.000000E+00,0.000000E+00,0.000000E+00,0.000000E+00,0.000000E+00,0.000000E+00,2.099893E+01,2.374480E+01,2.364612E+01,5.212917E+01,1.428102E+03,3.419991E+01,4.864601E-02,3.347793E-03,0.000000E+00,0.000000E+00,0.000000E+00,0.000000E+00,0.000000E+00,0.000000E+00,0.000000E+00,0.000000E+00,2.099900E+01,2.371870E+01,2.398416E+01,4.774030E+01,2.332038E+03,0.000000E+00,7.943683E-02,0.000000E+00,0.000000E+00,0.000000E+00,0.000000E+00,0.000000E+00,0.000000E+00,0.000000E+00,0.000000E+00,0.000000E+00,2.099888E+01,2.136133E+01,2.339617E+01,5.702794E+01
21:30:00,3.416128E+03,0.000000E+00,1.163647E-01,0.000000E+00,0.000000E+00,0.000000E+00,0.000000E+00,0.000000E+00,0.000000E+00,0.000000E+00,0.000000E+00,0.000000E+00,2.099894E+01,2.378930E+01,2.360634E+01,5.142472E+01,1.428102E+03,0.000000E+00,4.864601E-02,0.000000E+00,0.000000E+00,0.000000E+00,0.000000E+00,0.000000E+00,0.000000E+00,0.000000E+00,0.000000E+00,0.000000E+00,2.099900E+01,2.371870E+01,2.354112E+01,5.233802E+01,3.318788E+03,0.000000E+00,1.130490E-01,0.000000E+00,0.000000E+00,0.000000E+00,0.000000E+00,0.000000E+00,0.000000E+00,0.000000E+00,0.000000E+00,0.000000E+00,2.099893E+01,2.374480E+01,2.351859E+01,5.253547E+01,1.428102E+03,9.959974E+00,4.864601E-02,9.749692E-04,0.000000E+00,0.000000E+00,0.000000E+00,0.000000E+00,0.000000E+00,0.000000E+00,0.000000E+00,0.000000E+00,2.099900E+01,2.371870E+01,2.391911E+01,4.792915E+01,2.332038E+03,0.000000E+00,7.943683E-02,0.000000E+00,0.000000E+00,0.000000E+00,0.000000E+00,0.000000E+00,0.000000E+00,0.000000E+00,0.000000E+00,0.000000E+00,2.099888E+01,2.136133E+01,2.328499E+01,5.741418E+01
21:45:00,3.416128E+03,0.000000E+00,1.163647E-01,0.000000E+00,0.000000E+00,0.000000E+00,0.000000E+00,0.000000E+00,0.000000E+00,0.000000E+00,0.000000E+00,0.000000E+00,2.099894E+01,2.378930E+01,2.342855E+01,5.197999E+01,1.428102E+03,0.000000E+00,4.864601E-02,0.000000E+00,0.000000E+00,0.000000E+00,0.000000E+00,0.000000E+00,0.000000E+00,0.000000E+00,0.000000E+00,0.000000E+00,2.099900E+01,2.371870E+01,2.337616E+01,5.286231E+01,3.318788E+03,0.000000E+00,1.130490E-01,0.000000E+00,0.000000E+00,0.000000E+00,0.000000E+00,0.000000E+00,0.000000E+00,0.000000E+00,0.000000E+00,0.000000E+00,2.099893E+01,2.374480E+01,2.334443E+01,5.309135E+01,1.428102E+03,0.000000E+00,4.864601E-02,0.000000E+00,0.000000E+00,0.000000E+00,0.000000E+00,0.000000E+00,0.000000E+00,0.000000E+00,0.000000E+00,0.000000E+00,2.099900E+01,2.371870E+01,2.375888E+01,4.839458E+01,2.332038E+03,0.000000E+00,7.943683E-02,0.000000E+00,0.000000E+00,0.000000E+00,0.000000E+00,0.000000E+00,0.000000E+00,0.000000E+00,0.000000E+00,0.000000E+00,2.099888E+01,2.136133E+01,2.311656E+01,5.800201E+01
22:00:00,3.416128E+03,0.000000E+00,1.163647E-01,0.000000E+00,0.000000E+00,0.000000E+00,0.000000E+00,0.000000E+00,0.000000E+00,0.000000E+00,0.000000E+00,0.000000E+00,2.099894E+01,2.378930E+01,2.326515E+01,5.249513E+01,1.428102E+03,0.000000E+00,4.864601E-02,0.000000E+00,0.000000E+00,0.000000E+00,0.000000E+00,0.000000E+00,0.000000E+00,0.000000E+00,0.000000E+00,0.000000E+00,2.099900E+01,2.371870E+01,2.322562E+01,5.334495E+01,3.318788E+03,0.000000E+00,1.130490E-01,0.000000E+00,0.000000E+00,0.000000E+00,0.000000E+00,0.000000E+00,0.000000E+00,0.000000E+00,0.000000E+00,0.000000E+00,2.099893E+01,2.374480E+01,2.318419E+01,5.360759E+01,1.428102E+03,0.000000E+00,4.864601E-02,0.000000E+00,0.000000E+00,0.000000E+00,0.000000E+00,0.000000E+00,0.000000E+00,0.000000E+00,0.000000E+00,0.000000E+00,2.099900E+01,2.371870E+01,2.358113E+01,4.891587E+01,2.332038E+03,0.000000E+00,7.943683E-02,0.000000E+00,0.000000E+00,0.000000E+00,0.000000E+00,0.000000E+00,0.000000E+00,0.000000E+00,0.000000E+00,0.000000E+00,2.099888E+01,2.136133E+01,2.295605E+01,5.856799E+01
22:15:00,3.416128E+03,0.000000E+00,1.163647E-01,0.000000E+00,0.000000E+00,0.000000E+00,0.000000E+00,0.000000E+00,0.000000E+00,0.000000E+00,0.000000E+00,0.000000E+00,2.099894E+01,2.378930E+01,2.312850E+01,5.293021E+01,1.428102E+03,0.000000E+00,4.864601E-02,0.000000E+00,0.000000E+00,0.000000E+00,0.000000E+00,0.000000E+00,0.000000E+00,0.000000E+00,0.000000E+00,0.000000E+00,2.099900E+01,2.371870E+01,2.309891E+01,5.375489E+01,3.318788E+03,0.000000E+00,1.130490E-01,0.000000E+00,0.000000E+00,0.000000E+00,0.000000E+00,0.000000E+00,0.000000E+00,0.000000E+00,0.000000E+00,0.000000E+00,2.099893E+01,2.374480E+01,2.305095E+01,5.404105E+01,1.428102E+03,0.000000E+00,4.864601E-02,0.000000E+00,0.000000E+00,0.000000E+00,0.000000E+00,0.000000E+00,0.000000E+00,0.000000E+00,0.000000E+00,0.000000E+00,2.099900E+01,2.371870E+01,2.342012E+01,4.939317E+01,2.332038E+03,0.000000E+00,7.943683E-02,0.000000E+00,0.000000E+00,0.000000E+00,0.000000E+00,0.000000E+00,0.000000E+00,0.000000E+00,0.000000E+00,0.000000E+00,2.099888E+01,2.136133E+01,2.282834E+01,5.902275E+01
22:30:00,3.416128E+03,0.000000E+00,1.163647E-01,0.000000E+00,0.000000E+00,0.000000E+00,0.000000E+00,0.000000E+00,0.000000E+00,0.000000E+00,0.000000E+00,0.000000E+00,2.099894E+01,2.378930E+01,2.300819E+01,5.331672E+01,1.428102E+03,0.000000E+00,4.864601E-02,0.000000E+00,0.000000E+00,0.000000E+00,0.000000E+00,0.000000E+00,0.000000E+00,0.000000E+00,0.000000E+00,0.000000E+00,2.099900E+01,2.371870E+01,2.298520E+01,5.412589E+01,3.318788E+03,0.000000E+00,1.130490E-01,0.000000E+00,0.000000E+00,0.000000E+00,0.000000E+00,0.000000E+00,0.000000E+00,0.000000E+00,0.000000E+00,0.000000E+00,2.099893E+01,2.374480E+01,2.293409E+01,5.442453E+01,1.428102E+03,0.000000E+00,4.864601E-02,0.000000E+00,0.000000E+00,0.000000E+00,0.000000E+00,0.000000E+00,0.000000E+00,0.000000E+00,0.000000E+00,0.000000E+00,2.099900E+01,2.371870E+01,2.327392E+01,4.983101E+01,2.332038E+03,0.000000E+00,7.943683E-02,0.000000E+00,0.000000E+00,0.000000E+00,0.000000E+00,0.000000E+00,0.000000E+00,0.000000E+00,0.000000E+00,0.000000E+00,2.099888E+01,2.136133E+01,2.272473E+01,5.939463E+01
22:45:00,3.416128E+03,0.000000E+00,1.163647E-01,0.000000E+00,0.000000E+00,0.000000E+00,0.000000E+00,0.000000E+00,0.000000E+00,0.000000E+00,0.000000E+00,0.000000E+00,2.099894E+01,2.378930E+01,2.289543E+01,5.368197E+01,1.428102E+03,0.000000E+00,4.864601E-02,0.000000E+00,0.000000E+00,0.000000E+00,0.000000E+00,0.000000E+00,0.000000E+00,0.000000E+00,0.000000E+00,0.000000E+00,2.099900E+01,2.371870E+01,2.287711E+01,5.448131E+01,3.318788E+03,0.000000E+00,1.130490E-01,0.000000E+00,0.000000E+00,0.000000E+00,0.000000E+00,0.000000E+00,0.000000E+00,0.000000E+00,0.000000E+00,0.000000E+00,2.099893E+01,2.374480E+01,2.282456E+01,5.478687E+01,1.428102E+03,0.000000E+00,4.864601E-02,0.000000E+00,0.000000E+00,0.000000E+00,0.000000E+00,0.000000E+00,0.000000E+00,0.000000E+00,0.000000E+00,0.000000E+00,2.099900E+01,2.371870E+01,2.313554E+01,5.024948E+01,2.332038E+03,0.000000E+00,7.943683E-02,0.000000E+00,0.000000E+00,0.000000E+00,0.000000E+00,0.000000E+00,0.000000E+00,0.000000E+00,0.000000E+00,0.000000E+00,2.099888E+01,2.136133E+01,2.263255E+01,5.972777E+01
23:00:00,3.416128E+03,0.000000E+00,1.163647E-01,0.000000E+00,0.000000E+00,0.000000E+00,0.000000E+00,0.000000E+00,0.000000E+00,0.000000E+00,0.000000E+00,0.000000E+00,2.099894E+01,2.378930E+01,2.278780E+01,5.403326E+01,1.428102E+03,0.000000E+00,4.864601E-02,0.000000E+00,0.000000E+00,0.000000E+00,0.000000E+00,0.000000E+00,0.000000E+00,0.000000E+00,0.000000E+00,0.000000E+00,2.099900E+01,2.371870E+01,2.277336E+01,5.482500E+01,3.318788E+03,0.000000E+00,1.130490E-01,0.000000E+00,0.000000E+00,0.000000E+00,0.000000E+00,0.000000E+00,0.000000E+00,0.000000E+00,0.000000E+00,0.000000E+00,2.099893E+01,2.374480E+01,2.271984E+01,5.513587E+01,1.428102E+03,0.000000E+00,4.864601E-02,0.000000E+00,0.000000E+00,0.000000E+00,0.000000E+00,0.000000E+00,0.000000E+00,0.000000E+00,0.000000E+00,0.000000E+00,2.099900E+01,2.371870E+01,2.300317E+01,5.065347E+01,2.332038E+03,0.000000E+00,7.943683E-02,0.000000E+00,0.000000E+00,0.000000E+00,0.000000E+00,0.000000E+00,0.000000E+00,0.000000E+00,0.000000E+00,0.000000E+00,2.099888E+01,2.136133E+01,2.254599E+01,6.004253E+01
23:15:00,3.416128E+03,0.000000E+00,1.163647E-01,0.000000E+00,0.000000E+00,0.000000E+00,0.000000E+00,0.000000E+00,0.000000E+00,0.000000E+00,0.000000E+00,0.000000E+00,2.099894E+01,2.378930E+01,2.268552E+01,5.436950E+01,1.428102E+03,0.000000E+00,4.864601E-02,0.000000E+00,0.000000E+00,0.000000E+00,0.000000E+00,0.000000E+00,0.000000E+00,0.000000E+00,0.000000E+00,0.000000E+00,2.099900E+01,2.371870E+01,2.267448E+01,5.515485E+01,3.318788E+03,0.000000E+00,1.130490E-01,0.000000E+00,0.000000E+00,0.000000E+00,0.000000E+00,0.000000E+00,0.000000E+00,0.000000E+00,0.000000E+00,0.000000E+00,2.099893E+01,2.374480E+01,2.262017E+01,5.547039E+01,1.428102E+03,0.000000E+00,4.864601E-02,0.000000E+00,0.000000E+00,0.000000E+00,0.000000E+00,0.000000E+00,0.000000E+00,0.000000E+00,0.000000E+00,0.000000E+00,2.099900E+01,2.371870E+01,2.287765E+01,5.104000E+01,2.332038E+03,0.000000E+00,7.943683E-02,0.000000E+00,0.000000E+00,0.000000E+00,0.000000E+00,0.000000E+00,0.000000E+00,0.000000E+00,0.000000E+00,0.000000E+00,2.099888E+01,2.136133E+01,2.246419E+01,6.034172E+01
23:30:00,3.416128E+03,0.000000E+00,1.163647E-01,0.000000E+00,0.000000E+00,0.000000E+00,0.000000E+00,0.000000E+00,0.000000E+00,0.000000E+00,0.000000E+00,0.000000E+00,2.099894E+01,2.378930E+01,2.258849E+01,5.469068E+01,1.428102E+03,0.000000E+00,4.864601E-02,0.000000E+00,0.000000E+00,0.000000E+00,0.000000E+00,0.000000E+00,0.000000E+00,0.000000E+00,0.000000E+00,0.000000E+00,2.099900E+01,2.371870E+01,2.258037E+01,5.547085E+01,3.318788E+03,0.000000E+00,1.130490E-01,0.000000E+00,0.000000E+00,0.000000E+00,0.000000E+00,0.000000E+00,0.000000E+00,0.000000E+00,0.000000E+00,0.000000E+00,2.099893E+01,2.374480E+01,2.252548E+01,5.579029E+01,1.428102E+03,0.000000E+00,4.864601E-02,0.000000E+00,0.000000E+00,0.000000E+00,0.000000E+00,0.000000E+00,0.000000E+00,0.000000E+00,0.000000E+00,0.000000E+00,2.099900E+01,2.371870E+01,2.275924E+01,5.140763E+01,2.332038E+03,0.000000E+00,7.943683E-02,0.000000E+00,0.000000E+00,0.000000E+00,0.000000E+00,0.000000E+00,0.000000E+00,0.000000E+00,0.000000E+00,0.000000E+00,2.099888E+01,2.136133E+01,2.238721E+01,6.062477E+01
23:45:00,3.416128E+03,0.000000E+00,1.163647E-01,0.000000E+00,0.000000E+00,0.000000E+00,0.000000E+00,0.000000E+00,0.000000E+00,0.000000E+00,0.000000E+00,0.000000E+00,2.099894E+01,2.378930E+01,2.249617E+01,5.499826E+01,1.428102E+03,0.000000E+00,4.864601E-02,0.000000E+00,0.000000E+00,0.000000E+00,0.000000E+00,0.000000E+00,0.000000E+00,0.000000E+00,0.000000E+00,0.000000E+00,2.099900E+01,2.371870E+01,2.249054E+01,5.577440E+01,3.318788E+03,0.000000E+00,1.130490E-01,0.000000E+00,0.000000E+00,0.000000E+00,0.000000E+00,0.000000E+00,0.000000E+00,0.000000E+00,0.000000E+00,0.000000E+00,2.099893E+01,2.374480E+01,2.243526E+01,5.609702E+01,1.428102E+03,0.000000E+00,4.864601E-02,0.000000E+00,0.000000E+00,0.000000E+00,0.000000E+00,0.000000E+00,0.000000E+00,0.000000E+00,0.000000E+00,0.000000E+00,2.099900E+01,2.371870E+01,2.264757E+01,5.175709E+01,2.332038E+03,0.000000E+00,7.943683E-02,0.000000E+00,0.000000E+00,0.000000E+00,0.000000E+00,0.000000E+00,0.000000E+00,0.000000E+00,0.000000E+00,0.000000E+00,2.099888E+01,2.136133E+01,2.231482E+01,6.089234E+01
24:00:00,3.416128E+03,0.000000E+00,1.163647E-01,0.000000E+00,0.000000E+00,0.000000E+00,0.000000E+00,0.000000E+00,0.000000E+00,0.000000E+00,0.000000E+00,0.000000E+00,2.099894E+01,2.378930E+01,2.240798E+01,5.529386E+01,1.428102E+03,0.000000E+00,4.864601E-02,0.000000E+00,0.000000E+00,0.000000E+00,0.000000E+00,0.000000E+00,0.000000E+00,0.000000E+00,0.000000E+00,0.000000E+00,2.099900E+01,2.371870E+01,2.240451E+01,5.606681E+01,3.318788E+03,0.000000E+00,1.130490E-01,0.000000E+00,0.000000E+00,0.000000E+00,0.000000E+00,0.000000E+00,0.000000E+00,0.000000E+00,0.000000E+00,0.000000E+00,2.099893E+01,2.374480E+01,2.234897E+01,5.639217E+01,1.428102E+03,0.000000E+00,4.864601E-02,0.000000E+00,0.000000E+00,0.000000E+00,0.000000E+00,0.000000E+00,0.000000E+00,0.000000E+00,0.000000E+00,0.000000E+00,2.099900E+01,2.371870E+01,2.254208E+01,5.208967E+01,2.332038E+03,0.000000E+00,7.943683E-02,0.000000E+00,0.000000E+00,0.000000E+00,0.000000E+00,0.000000E+00,0.000000E+00,0.000000E+00,0.000000E+00,0.000000E+00,2.099888E+01,2.136133E+01,2.224651E+01,6.114605E+01
Peak,3.416128E+03,2.611711E+03,1.163647E-01,2.557353E-01,0.000000E+00,0.000000E+00,0.000000E+00,0.000000E+00,0.000000E+00,0.000000E+00,0.000000E+00,0.000000E+00,,,,,1.428102E+03,2.207596E+03,4.864601E-02,2.161563E-01,0.000000E+00,0.000000E+00,0.000000E+00,0.000000E+00,0.000000E+00,0.000000E+00,0.000000E+00,0.000000E+00,,,,,3.318788E+03,2.471300E+03,1.130490E-01,2.419759E-01,0.000000E+00,0.000000E+00,0.000000E+00,0.000000E+00,0.000000E+00,0.000000E+00,0.000000E+00,0.000000E+00,,,,,1.428102E+03,2.440435E+03,4.864601E-02,2.389521E-01,0.000000E+00,0.000000E+00,0.000000E+00,0.000000E+00,0.000000E+00,0.000000E+00,0.000000E+00,0.000000E+00,,,,,2.332038E+03,2.579219E+03,7.943683E-02,2.525543E-01,0.000000E+00,0.000000E+00,0.000000E+00,0.000000E+00,0.000000E+00,0.000000E+00,0.000000E+00,0.000000E+00,,,,

Peak Vol Flow (m3/s),,,9.895932E-02,2.174833E-01,,,0.000000E+00,0.000000E+00,,,,,,,,,,,4.136971E-02,1.838244E-01,,,0.000000E+00,0.000000E+00,,,,,,,,,,,9.613952E-02,2.057820E-01,,,0.000000E+00,0.000000E+00,,,,,,,,,,,4.136971E-02,2.032105E-01,,,0.000000E+00,0.000000E+00,,,,,,,,,,,6.755495E-02,2.147781E-01,,,0.000000E+00,0.000000E+00,,,,,,,,
